S.No.,Zone,Circle,Division,Substation,FeederBay,Energy Meter Serial No.,InterfaceType,Month,Year,Import Energy(Transmission),Export Energy(Transmission),Name of Distribution S/S and/or 33kv and above Consumer feeder,Receipt Energy for Month,Name of Distribution Division,Name of Distribution Discom
1,SOUTH-WEST,ETC Agra,ETD Agra-I,132KV S/S BHEEMNAGARI,33 KV JACK BUS,7041855,T-D,June,2024,0,0,,,,
2,SOUTH-WEST,ETC Agra,ETD Agra-I,132KV S/S BHEEMNAGARI,33 KV JALMA,7041849,T-D,June,2024,0,6810.2,,,,
3,SOUTH-WEST,ETC Agra,ETD Agra-I,132KV S/S BHEEMNAGARI,33 KV VIBHAV NAGAR,7041846,T-D,June,2024,0,8777.6,,,,
4,SOUTH-WEST,ETC Agra,ETD Agra-I,132KV S/S BHEEMNAGARI,33 KV SHAHID NAGAR,7360721,T-D,June,2024,0,7633.8,,,,
5,SOUTH-WEST,ETC Agra,ETD Agra-I,132KV S/S BHEEMNAGARI,33 KV BAMROLI KATARA,7360712,T-D,June,2024,0,5230.4,,,,
6,SOUTH-WEST,ETC Agra,ETD Agra-I,132KV S/S FATEHABAD,33KV DHIMSHREE,KAU06336,T-D,June,2024,0,6592.8,MAZARA_24665,1918,EDD III AGRA,DAKSHINANCHAL
,,,,,,,,,,,,DHIMISHRI_24459,4632,EDD III AGRA,DAKSHINANCHAL
,,,,,,,,,,,,NIBOHRA_24724,1904,EDD III AGRA,DAKSHINANCHAL
,,,,,,,,,,,,BEHADI_24369,1007,EDD III AGRA,DAKSHINANCHAL
,,,,,,,,,,,,WAZIDPUR_24927,1342,EDD III AGRA,DAKSHINANCHAL
,,,,,,,,,,,,MAHARAJPUR_24935,1962,EDD III AGRA,DAKSHINANCHAL
,,,,,,,,,,,,GUBROTH_24501,1266,EDD III AGRA,DAKSHINANCHAL
,,,,,,,,,,,,BHADORA_24376,982,EDD III AGRA,DAKSHINANCHAL
,,,,,,,,,,,,HIMAUPUR_24516,1873,EDD III AGRA,DAKSHINANCHAL
,,,,,,,,,,,,MURAVAL_24681,981,EDD III AGRA,DAKSHINANCHAL
16,SOUTH-WEST,ETC Agra,ETD Agra-I,132KV S/S FATEHABAD,33KV ROOPPUR,9577844,T-D,June,2024,0,4940.4,MAZARA_24665,1918,EDD III AGRA,DAKSHINANCHAL
,,,,,,,,,,,,ROOPPUR_24805,2105,EDD III AGRA,DAKSHINANCHAL
,,,,,,,,,,,,NIBOHRA_24724,1904,EDD III AGRA,DAKSHINANCHAL
,,,,,,,,,,,,BEHADI_24369,1007,EDD III AGRA,DAKSHINANCHAL
,,,,,,,,,,,,WAZIDPUR_24927,1342,EDD III AGRA,DAKSHINANCHAL
,,,,,,,,,,,,MAHARAJPUR_24935,1962,EDD III AGRA,DAKSHINANCHAL
,,,,,,,,,,,,GUBROTH_24501,1266,EDD III AGRA,DAKSHINANCHAL
,,,,,,,,,,,,BHADORA_24376,982,EDD III AGRA,DAKSHINANCHAL
,,,,,,,,,,,,HIMAUPUR_24516,1873,EDD III AGRA,DAKSHINANCHAL
,,,,,,,,,,,,MURAVAL_24681,981,EDD III AGRA,DAKSHINANCHAL
,,,,,,,,,,,,MAZARA_24665,1918,EDD III AGRA,DAKSHINANCHAL
,,,,,,,,,,,,ROOPPUR_24805,2105,EDD III AGRA,DAKSHINANCHAL
,,,,,,,,,,,,NIBOHRA_24724,1904,EDD III AGRA,DAKSHINANCHAL
,,,,,,,,,,,,BEHADI_24369,1007,EDD III AGRA,DAKSHINANCHAL
,,,,,,,,,,,,WAZIDPUR_24927,1342,EDD III AGRA,DAKSHINANCHAL
,,,,,,,,,,,,MAHARAJPUR_24935,1962,EDD III AGRA,DAKSHINANCHAL
,,,,,,,,,,,,GUBROTH_24501,1266,EDD III AGRA,DAKSHINANCHAL
,,,,,,,,,,,,BHADORA_24376,982,EDD III AGRA,DAKSHINANCHAL
,,,,,,,,,,,,HIMAUPUR_24516,1873,EDD III AGRA,DAKSHINANCHAL
,,,,,,,,,,,,MURAVAL_24681,981,EDD III AGRA,DAKSHINANCHAL
,,,,,,,,,,,,MAZARA_24665,1918,EDD III AGRA,DAKSHINANCHAL
,,,,,,,,,,,,ROOPPUR_24805,2105,EDD III AGRA,DAKSHINANCHAL
,,,,,,,,,,,,NIBOHRA_24724,1904,EDD III AGRA,DAKSHINANCHAL
,,,,,,,,,,,,BEHADI_24369,1007,EDD III AGRA,DAKSHINANCHAL
,,,,,,,,,,,,WAZIDPUR_24927,1342,EDD III AGRA,DAKSHINANCHAL
,,,,,,,,,,,,MAHARAJPUR_24935,1962,EDD III AGRA,DAKSHINANCHAL
,,,,,,,,,,,,GUBROTH_24501,1266,EDD III AGRA,DAKSHINANCHAL
,,,,,,,,,,,,BHADORA_24376,982,EDD III AGRA,DAKSHINANCHAL
,,,,,,,,,,,,HIMAUPUR_24516,1873,EDD III AGRA,DAKSHINANCHAL
,,,,,,,,,,,,MURAVAL_24681,981,EDD III AGRA,DAKSHINANCHAL
46,SOUTH-WEST,ETC Agra,ETD Agra-I,132KV S/S FATEHABAD,33KV FATEHABAD,KAU06340,T-D,June,2024,0,4708.6,MAZARA_24665,1918,EDD III AGRA,DAKSHINANCHAL
,,,,,,,,,,,,FATEHABAD_24471,3442,EDD III AGRA,DAKSHINANCHAL
,,,,,,,,,,,,NIBOHRA_24724,1904,EDD III AGRA,DAKSHINANCHAL
,,,,,,,,,,,,BEHADI_24369,1007,EDD III AGRA,DAKSHINANCHAL
,,,,,,,,,,,,WAZIDPUR_24927,1342,EDD III AGRA,DAKSHINANCHAL
,,,,,,,,,,,,MAHARAJPUR_24935,1962,EDD III AGRA,DAKSHINANCHAL
,,,,,,,,,,,,GUBROTH_24501,1266,EDD III AGRA,DAKSHINANCHAL
,,,,,,,,,,,,BHADORA_24376,982,EDD III AGRA,DAKSHINANCHAL
,,,,,,,,,,,,HIMAUPUR_24516,1873,EDD III AGRA,DAKSHINANCHAL
,,,,,,,,,,,,MURAVAL_24681,981,EDD III AGRA,DAKSHINANCHAL
56,SOUTH-WEST,ETC Agra,ETD Agra-I,132KV S/S FATEHABAD,33KV BILAIPURA,KAU06335,T-D,June,2024,0,5891.4,MAZARA_24665,1918,EDD III AGRA,DAKSHINANCHAL
,,,,,,,,,,,,NIBOHRA_24724,1904,EDD III AGRA,DAKSHINANCHAL
,,,,,,,,,,,,BEHADI_24369,1007,EDD III AGRA,DAKSHINANCHAL
,,,,,,,,,,,,WAZIDPUR_24927,1342,EDD III AGRA,DAKSHINANCHAL
,,,,,,,,,,,,MAHARAJPUR_24935,1962,EDD III AGRA,DAKSHINANCHAL
,,,,,,,,,,,,BILAIPURA_24396,2101,EDD III AGRA,DAKSHINANCHAL
,,,,,,,,,,,,GUBROTH_24501,1266,EDD III AGRA,DAKSHINANCHAL
,,,,,,,,,,,,BHADORA_24376,982,EDD III AGRA,DAKSHINANCHAL
,,,,,,,,,,,,HIMAUPUR_24516,1873,EDD III AGRA,DAKSHINANCHAL
,,,,,,,,,,,,MURAVAL_24681,981,EDD III AGRA,DAKSHINANCHAL
66,SOUTH-WEST,ETC Agra,ETD Agra-I,132KV S/S FATEHABAD,33KV WAZIDPUR,X0479577,T-D,June,2024,0,3328.4,MAZARA_24665,1918,EDD III AGRA,DAKSHINANCHAL
,,,,,,,,,,,,NIBOHRA_24724,1904,EDD III AGRA,DAKSHINANCHAL
,,,,,,,,,,,,BEHADI_24369,1007,EDD III AGRA,DAKSHINANCHAL
,,,,,,,,,,,,WAZIDPUR_24927,1342,EDD III AGRA,DAKSHINANCHAL
,,,,,,,,,,,,MAHARAJPUR_24935,1962,EDD III AGRA,DAKSHINANCHAL
,,,,,,,,,,,,GUBROTH_24501,1266,EDD III AGRA,DAKSHINANCHAL
,,,,,,,,,,,,BHADORA_24376,982,EDD III AGRA,DAKSHINANCHAL
,,,,,,,,,,,,HIMAUPUR_24516,1873,EDD III AGRA,DAKSHINANCHAL
,,,,,,,,,,,,MURAVAL_24681,981,EDD III AGRA,DAKSHINANCHAL
75,SOUTH-WEST,ETC Agra,ETD Agra-I,132KV S/S FATEHABAD,33KV I.P.D.S FATEHABAD,X0479576,T-D,June,2024,0,3141.6,MAZARA_24665,1918,EDD III AGRA,DAKSHINANCHAL
,,,,,,,,,,,,NIBOHRA_24724,1904,EDD III AGRA,DAKSHINANCHAL
,,,,,,,,,,,,BEHADI_24369,1007,EDD III AGRA,DAKSHINANCHAL
,,,,,,,,,,,,WAZIDPUR_24927,1342,EDD III AGRA,DAKSHINANCHAL
,,,,,,,,,,,,MAHARAJPUR_24935,1962,EDD III AGRA,DAKSHINANCHAL
,,,,,,,,,,,,GUBROTH_24501,1266,EDD III AGRA,DAKSHINANCHAL
,,,,,,,,,,,,BHADORA_24376,982,EDD III AGRA,DAKSHINANCHAL
,,,,,,,,,,,,HIMAUPUR_24516,1873,EDD III AGRA,DAKSHINANCHAL
,,,,,,,,,,,,MURAVAL_24681,981,EDD III AGRA,DAKSHINANCHAL
,,,,,,,,,,,,FATEHABAD TOWN_22243,3140,EDD III AGRA,DAKSHINANCHAL
85,SOUTH-WEST,ETC Agra,ETD Agra-I,132KV S/S FATEHABAD,33KV JACK BUS,KAU06337,T-D,June,2024,0,71.2,,,,
86,SOUTH-WEST,ETC Agra,ETD Agra-I,132KV S/S FATEHABAD,63MVA T/F 1 (781),UP1776A,T-D,June,2024,15235.13,0,,,,
87,SOUTH-WEST,ETC Agra,ETD Agra-I,132KV S/S FATEHABAD,63MVA T/F 2 (782),UP3200A,T-D,June,2024,13496.25,0,,,,
88,SOUTH-WEST,ETC Agra,ETD Firozabad,220KV S/S FIROZABAD,33KV ASFABAD BAY FZD,9577836,T-D,June,2024,0,6477.6,ASFABAD_20033,6478,EUDD II FIROZABAD,DAKSHINANCHAL
89,SOUTH-WEST,ETC Agra,ETD Firozabad,220KV S/S FIROZABAD,33KV LABOUR COLONY BAY FZD,UPE05794,T-D,June,2024,0,4815.48,LABOUR COLONY_20039,4437,EUDD I FIROZABAD,DAKSHINANCHAL
,,,,,,,,,,,,RAM NAGAR_20040,3256,EUDD I FIROZABAD,DAKSHINANCHAL
,,,,,,,,,,,,RAM NAGAR-II_20205,866,EUDD I FIROZABAD,DAKSHINANCHAL
92,SOUTH-WEST,ETC Agra,ETD Firozabad,220KV S/S FIROZABAD,33KV PURSHOTTAM VIHAR BAY FZD,9577837,T-D,June,2024,0,7512,PURSHOTTAM VIHAR_20034,7512,EUDD II FIROZABAD,DAKSHINANCHAL
93,SOUTH-WEST,ETC Agra,ETD Firozabad,220KV S/S FIROZABAD,33KV DM COMPLEX BAY FZD,UPE05795,T-D,June,2024,0,4816.8,DABARAI_24444,4816.8,EDD FIROZABAD,DAKSHINANCHAL
94,SOUTH-WEST,ETC Agra,ETD Firozabad,220KV S/S FIROZABAD,33KV MATSENA BAY FZD,DM531,T-D,June,2024,0,2172,MATSENA_24662,2171.8,EDD FIROZABAD,DAKSHINANCHAL
95,SOUTH-WEST,ETC Agra,ETD Firozabad,220KV S/S FIROZABAD,33KV RASOOLPUR BAY FZD,5267382,T-D,June,2024,0,5989.98,RASULPUR_20035,5990,EUDD I FIROZABAD,DAKSHINANCHAL
96,SOUTH-WEST,ETC Agra,ETD Firozabad,220KV S/S FIROZABAD,33KV UPSIDC BAY FZD N,5267386,T-D,June,2024,0,9128,UPSIDC_24946,4522.5,EDD FIROZABAD,DAKSHINANCHAL
97,SOUTH-WEST,ETC Agra,ETD Firozabad,220KV S/S FIROZABAD,33KV DABRAI COURT FEEDER FZD,5267384,T-D,June,2024,0,164.28,,,,
98,SOUTH-WEST,ETC Agra,ETD Firozabad,220KV S/S FIROZABAD,33KV JACK BUS,UPE41026,T-D,June,2024,0,3744.72,ASFABAD_20033,6478,EUDD II FIROZABAD,DAKSHINANCHAL
,,,,,,,,,,,,S. N. HOSPITAL_20036,7135,EUDD II FIROZABAD,DAKSHINANCHAL
100,SOUTH-WEST,ETC Agra,ETD Firozabad,220KV S/S FIROZABAD,33KV SN HOSPITAL BAY,F31/6377/299,T-D,June,2024,0,7135.4,,,,
101,SOUTH-WEST,ETC Agra,ETD Firozabad,220KV S/S FIROZABAD,33 KV SHUAG.NAGAR BAY,F31/6394/299,T-D,June,2024,0,6462.8,,,,
102,SOUTH-WEST,ETC Agra,ETD Firozabad,220KV S/S FIROZABAD,33KV RAIPURA,UPE/05794,T-D,June,2024,0,3427.8,REPURA_24800,3427.8,EDD FIROZABAD,DAKSHINANCHAL
103,SOUTH-WEST,ETC Agra,ETD Firozabad,220KV S/S FIROZABAD,33KV INDUESTRIAL.ESTATE.,F31/6332/299,T-D,June,2024,0,3512.2,GANDHI PARK_20037,3310,EUDD I FIROZABAD,DAKSHINANCHAL
,,,,,,,,,,,,SUHAG NAGAR_20041,3192,EUDD I FIROZABAD,DAKSHINANCHAL
105,SOUTH-WEST,ETC Agra,ETD Firozabad,220KV S/S FIROZABAD,33KV SUN GLASS BAY,5775A,T-D,June,2024,0,991.77,,,,
106,SOUTH-WEST,ETC Agra,ETD Firozabad,132KV S/S JASRANA,33 KV PAIDAT / UDESER,KAU04878,T-D,June,2024,0,2632,PAINDAT_24745,1323.69,EDD JASRANA,DAKSHINANCHAL
,,,,,,,,,,,,UDESSAR_24906,1308.17,EDD JASRANA,DAKSHINANCHAL
108,SOUTH-WEST,ETC Agra,ETD Firozabad,132KV S/S JASRANA,33 KV EKA - PADHAM,KAB04480,T-D,June,2024,0,5172,EKA_24466,2480.93,EDD JASRANA,DAKSHINANCHAL
,,,,,,,,,,,,PADHAM_24739,2691.13,EDD JASRANA,DAKSHINANCHAL
110,SOUTH-WEST,ETC Agra,ETD Firozabad,132KV S/S JASRANA,33 KV PRATAPPUR,9540004,T-D,June,2024,0,2056,PRATAPPUR_24779,2056,EDD JASRANA,DAKSHINANCHAL
111,SOUTH-WEST,ETC Agra,ETD Firozabad,132KV S/S JASRANA,33 KV MUSTFABAD,KAU04881,T-D,June,2024,0,1468,MUSTAFABAD_24685,1468,EDD JASRANA,DAKSHINANCHAL
112,SOUTH-WEST,ETC Agra,ETD Firozabad,132KV S/S JASRANA,33 KV JASARANA R/L,KAB04479,T-D,June,2024,0,3844,BAJHERA BUZURG_24334,1089,EDD SHIRSAGANJ,DAKSHINANCHAL
,,,,,,,,,,,,JASRANA RURAL_24549,2886,EDD JASRANA,DAKSHINANCHAL
114,SOUTH-WEST,ETC Agra,ETD Firozabad,132KV S/S JASRANA,33 KV JASRANA TOWN,KAU04948,T-D,June,2024,0,1246,SUBSTSTION JASRANA_22342,1246,EDD JASRANA,DAKSHINANCHAL
115,SOUTH-WEST,ETC Agra,ETD Firozabad,132KV S/S JASRANA,33 KV JACK BUS,KAB04482,T-D,June,2024,0,0,,,,
116,SOUTH-WEST,ETC Agra,ETD Firozabad,132KV S/S JASRANA,33 KV BHADANA,9540020,T-D,June,2024,0,1596,BHADANA_24374,1596,EDD JASRANA,DAKSHINANCHAL
,,,,,,,,,,,,KHAIRGARH_24586,2348,EDD JASRANA,DAKSHINANCHAL
118,SOUTH-WEST,ETC Agra,ETD Firozabad,132KV S/S JASRANA,33 KV BANVARA,5266711,T-D,June,2024,0,2104,BANWARA_24346,1291.36,EDD JASRANA,DAKSHINANCHAL
,,,,,,,,,,,,ITOLY_24529,812.67,EDD JASRANA,DAKSHINANCHAL
120,SOUTH-WEST,ETC Agra,ETD Firozabad,132KV S/S JASRANA,33 KV FARIHA,9540005,T-D,June,2024,0,1542,FARIHA_22242,1642,EDD JASRANA,DAKSHINANCHAL
121,SOUTH-WEST,ETC Agra,ETD Firozabad,132KV S/S JASRANA,33KV KHAIRGARH,5266703,T-D,June,2024,0,2348,,,,
122,SOUTH-WEST,ETC Aligarh,ETD Aligarh-II,220KV S/S SIKANDRA RAO,132 KV RAILWAY TSS KASGANJ BAY,PGE4016A,T-D,June,2024,0,524.23,,,,
123,SOUTH-WEST,ETC Aligarh,ETD Mainpuri,132KV S/S DANNAHAR,33 kV Ghiror Feeder,UPC 89375,T-D,June,2024,0,7587.82,ARAON_24308,4155,EDD SHIRSAGANJ,DAKSHINANCHAL
,,,,,,,,,,,,GHIROR_251723,2980,EDD III MAINPURI,DAKSHINANCHAL
125,SOUTH-WEST,ETC Aligarh,ETD Mainpuri,132KV S/S DANNAHAR,33 kV Saidpur Baghauli Feeder,UPC 89422,T-D,June,2024,0,1642.42,SAIDPUR BHAGOLI _251723,1642.42,EDD III MAINPURI,DAKSHINANCHAL
126,SOUTH-WEST,ETC Aligarh,ETD Mainpuri,132KV S/S DANNAHAR,33 kV Dannahar Feeder,UPC 89381,T-D,June,2024,0,2251.2,DANNAHAR_251723,1606.2,EDD III MAINPURI,DAKSHINANCHAL
,,,,,,,,,,,,NAGLA JULA_251723,642,EDD III MAINPURI,DAKSHINANCHAL
128,SOUTH-WEST,ETC Aligarh,ETD Mainpuri,132KV S/S DANNAHAR,33 kV Kosma Feeder,UPC 89376,T-D,June,2024,0,2797.6,KOSMA_251723,1667.6,EDD III MAINPURI,DAKSHINANCHAL
,,,,,,,,,,,,CHANDIKARA_251723,1130,EDD III MAINPURI,DAKSHINANCHAL
130,SOUTH-WEST,ETC Aligarh,ETD Mainpuri,132KV S/S DANNAHAR,33 kV Shahjahanpur Feeder,UPC 89400,T-D,June,2024,0,1309.2,SHAHNAHANPUR_251723,1309.2,EDD III MAINPURI,DAKSHINANCHAL
131,SOUTH-WEST,ETC Aligarh,ETD Mainpuri,132KV S/S DANNAHAR,33 kV Usnida Feeder,UPC 89402,T-D,June,2024,0,838,USNIDA_251723,838,EDD III MAINPURI,DAKSHINANCHAL
132,SOUTH-WEST,ETC Aligarh,ETD Mainpuri,132KV S/S DANNAHAR,33 kV Bus Coupler Feeder,4937729,T-D,June,2024,0,1089.24,,,,
133,SOUTH-WEST,ETC Aligarh,ETD Mainpuri,132KV S/S DANNAHAR,33 kV (765 kV) Kharra Feeder,XC 599473,T-D,June,2024,0,31.4,,,,
134,SOUTH-WEST,ETC Aligarh,ETD Mainpuri,132KV S/S DANNAHAR,33 kV Karhal Feeder,XC 599481,T-D,June,2024,0,880.6,KARHAL WAY (KHARRA)_24262,880.6,EDD I MAINPURI,DAKSHINANCHAL
135,SOUTH-WEST,ETC Aligarh,ETD Mainpuri,132KV S/S DANNAHAR,33 kV Kuchela Feeder,XC 599470,T-D,June,2024,0,2158,KANKAN_251723,988,EDD III MAINPURI,DAKSHINANCHAL
,,,,,,,,,,,,KUCHELA_251723,1170,EDD III MAINPURI,DAKSHINANCHAL
137,SOUTH-WEST,ETC Aligarh,ETD Mainpuri,220KV S/S ETAH,33 KV 3 MVA,9577657,T-D,June,2024,0,300,GAGANPUR URBAN_20167,300,EUDD ETAH,DAKSHINANCHAL
138,SOUTH-WEST,ETC Aligarh,ETD Mainpuri,220KV S/S ETAH,33 KV UPSIDC,9577531,T-D,June,2024,0,3673.2,UPSIDC_20032,3860.4,EUDD ETAH,DAKSHINANCHAL
139,SOUTH-WEST,ETC Aligarh,ETD Mainpuri,220KV S/S ETAH,33 KV Etah I/A,9577864,T-D,June,2024,0,0,INDUSTRIAL AREA _20031,3079.6,EUDD ETAH,DAKSHINANCHAL
,,,,,,,,,,,,INDUSTRIAL AREA _20031,3079.6,EUDD ETAH,DAKSHINANCHAL
141,SOUTH-WEST,ETC Aligarh,ETD Mainpuri,220KV S/S ETAH,33 KV Railway road,KAB04449,T-D,June,2024,0,4752.6,RAILWAY ROAD_20030,4752.6,EUDD ETAH,DAKSHINANCHAL
142,SOUTH-WEST,ETC Aligarh,ETD Mainpuri,220KV S/S ETAH,33 KV Thandi Sadak,UPP40460,T-D,June,2024,0,3046,THANDI SADAK_20188,3046,EUDD ETAH,DAKSHINANCHAL
143,SOUTH-WEST,ETC Aligarh,ETD Mainpuri,220KV S/S ETAH,33 KV JTPS,UPP40457,T-D,June,2024,0,222.4,,,,
144,SOUTH-WEST,ETC Aligarh,ETD Mainpuri,220KV S/S ETAH,33 KV 10 MVA,XDUU9412,T-D,June,2024,0,2582.44,GANGANPUR_24481,2586.69,EDD II ETAH,DAKSHINANCHAL
145,SOUTH-WEST,ETC Aligarh,ETD Mainpuri,220KV S/S ETAH,33 KV Sakeet,XDUU9515,T-D,June,2024,0,1381.02,SAKIT_22681,1812.4,EDD I ETAH,DAKSHINANCHAL
146,SOUTH-WEST,ETC Aligarh,ETD Mainpuri,220KV S/S ETAH,33 KV District Hospital,XD449413,T-D,June,2024,0,169.69,,,,
147,SOUTH-WEST,ETC Aligarh,ETD Mainpuri,220KV S/S ETAH,33 KV TBC,UPP40461,T-D,June,2024,0,187.2,,,,
148,SOUTH-WEST,ETC Aligarh,ETD Mainpuri,220KV S/S ETAH,33 KV Rijore,5081442,T-D,June,2024,0,2534.32,RIZORE_24804,2534.2,EDD II ETAH,DAKSHINANCHAL
149,SOUTH-WEST,ETC Aligarh,ETD Mainpuri,220KV S/S ETAH,33 KV Amanpur,5081444,T-D,June,2024,0,3470.8,,,,
150,SOUTH-WEST,ETC Aligarh,ETD Mainpuri,220KV S/S ETAH,33 KV Malawan,5081431,T-D,June,2024,0,1747.71,MALAWAN_24648,1732.71,EDD I ETAH,DAKSHINANCHAL
151,SOUTH-WEST,ETC Aligarh,ETD Mainpuri,220KV S/S ETAH,33 KV Baghwala,581432,T-D,June,2024,0,0,DHUMARI_24460,2440,EDD I ETAH,DAKSHINANCHAL
,,,,,,,,,,,,BAGHWALA_24330,3247.22,EDD II ETAH,DAKSHINANCHAL
,,,,,,,,,,,,DHUMARI_24460,2440,EDD I ETAH,DAKSHINANCHAL
,,,,,,,,,,,,BAGHWALA_24330,3247.22,EDD II ETAH,DAKSHINANCHAL
155,SOUTH-WEST,ETC Aligarh,ETD Mainpuri,220KV S/S ETAH,33 KV Pilua,58144,T-D,June,2024,0,2986.42,PILUA_24769,2986.42,EDD I ETAH,DAKSHINANCHAL
156,SOUTH-WEST,ETC Aligarh,ETD Mainpuri,220KV S/S ETAH,33KV KOTWALI,AB04434,T-D,June,2024,0,6219.4,KOTWALI DEHAT_20029,6215.3,EUDD ETAH,DAKSHINANCHAL
157,SOUTH-WEST,ETC Aligarh,ETD Mainpuri,"132KV S/S ALIGANJ,ETAH",33 KV Jaithara,7033833,T-D,June,2024,0,5651.4,JASRATHPUR_24932,1996.57,EDD I ETAH,DAKSHINANCHAL
,,,,,,,,,,,,JAITHRA_22328,3654.83,EDD I ETAH,DAKSHINANCHAL
,,,,,,,,,,,,VERNA_24924,1213.4,EDD I ETAH,DAKSHINANCHAL
160,SOUTH-WEST,ETC Aligarh,ETD Mainpuri,"132KV S/S ALIGANJ,ETAH",33 KV Raja Ka Ram Pur,7033917,T-D,June,2024,0,3234.6,RAJA KA RAMPUR_22631,2245.6,EDD I ETAH,DAKSHINANCHAL
,,,,,,,,,,,,RAJA KA RAMPUR_22631,516.2,EDD KASGANJ RURAL,DAKSHINANCHAL
162,SOUTH-WEST,ETC Aligarh,ETD Mainpuri,"132KV S/S ALIGANJ,ETAH",33 KV Aliganj Town,7033830,T-D,June,2024,0,2876.4,ALIGANJ -TOWN_22029,2876.4,EDD I ETAH,DAKSHINANCHAL
163,SOUTH-WEST,ETC Aligarh,ETD Mainpuri,"132KV S/S ALIGANJ,ETAH",33 KV Aliganj RL,7033831,T-D,June,2024,0,6096.2,ALIGANJ RL_24928,6096.2,EDD I ETAH,DAKSHINANCHAL
164,SOUTH-WEST,ETC Aligarh,ETD Mainpuri,"132KV S/S ALIGANJ,ETAH",33 KV Sahori,7041831,T-D,June,2024,0,1482.6,SAHORI_24816,1217.6,EDD I ETAH,DAKSHINANCHAL
165,SOUTH-WEST,ETC Aligarh,ETD Mainpuri,"132KV S/S ALIGANJ,ETAH",33 KV Sarauth,7033561,T-D,June,2024,0,2598.4,SAROTH_24841,1385,EDD I ETAH,DAKSHINANCHAL
166,SOUTH-WEST,ETC Aligarh,ETD Mainpuri,"132KV S/S ALIGANJ,ETAH",33 KV Saray Agahat,4937759,T-D,June,2024,0,1451.74,SARAI AGAHAT_24832,1451.74,EDD I ETAH,DAKSHINANCHAL
167,SOUTH-WEST,ETC Aligarh,ETD Mainpuri,"132KV S/S ALIGANJ,ETAH",33 KV TBC,4937757,T-D,June,2024,0,0,,,,
168,SOUTH-WEST,ETC Aligarh,ETD Mainpuri,132KV S/S NIDHAULIKALAN,Awagarh,XD508929,T-D,June,2024,0,5698.6,AWAGARH_22063,5698.6,EDD I ETAH,DAKSHINANCHAL
169,SOUTH-WEST,ETC Aligarh,ETD Mainpuri,132KV S/S NIDHAULIKALAN,Issara,Y0197720,T-D,June,2024,0,848.4,ISHARA (SAKIT)_24527,420.12,EDD I ETAH,DAKSHINANCHAL
,,,,,,,,,,,,ISHARA_24526,417.4,EDD II ETAH,DAKSHINANCHAL
171,SOUTH-WEST,ETC Aligarh,ETD Mainpuri,132KV S/S NIDHAULIKALAN,Nidhauli kalan,Y0197686,T-D,June,2024,0,3027.8,NIDHAULI KALAN_22558,3027.8,EDD I ETAH,DAKSHINANCHAL
172,SOUTH-WEST,ETC Aligarh,ETD Mainpuri,132KV S/S NIDHAULIKALAN,33 KV TBC,Y0197687,T-D,June,2024,0,0,,,,
173,SOUTH-WEST,ETC Aligarh,ETD Mainpuri,132KV S/S NIDHAULIKALAN,Gadanpur,XD508946,T-D,June,2024,0,2100.4,UDESAR (GADANPUR)_24905,2100.4,EDD I ETAH,DAKSHINANCHAL
174,SOUTH-WEST,ETC Aligarh,ETD Mainpuri,220KV S/S KASGANJ,33kv Salempur Bibi,XG485937,T-D,June,2024,0,861.5,SALEMPUR BIBI_24826,861.5,EDD KASGANJ RURAL,DAKSHINANCHAL
175,SOUTH-WEST,ETC Aligarh,ETD Mainpuri,220KV S/S KASGANJ,33kv Soron Rl,XG485936,T-D,June,2024,0,3271,SORON RURAL_24880,3271,EDD KASGANJ RURAL,DAKSHINANCHAL
176,SOUTH-WEST,ETC Aligarh,ETD Mainpuri,220KV S/S KASGANJ,33kv Collectrate,XG485930,T-D,June,2024,0,67,COLLECTRATE_24443,134,EDD KASGANJ RURAL,DAKSHINANCHAL
177,SOUTH-WEST,ETC Aligarh,ETD Mainpuri,220KV S/S KASGANJ,33kv Manpur Nagariya,XG485933,T-D,June,2024,0,0,NAGARIYA_24691,1842.1,EDD KASGANJ RURAL,DAKSHINANCHAL
178,SOUTH-WEST,ETC Aligarh,ETD Mainpuri,220KV S/S KASGANJ,33kv Bus Coupler,XG485931,T-D,June,2024,0,0.7,,,,
179,SOUTH-WEST,ETC Aligarh,ETD Mainpuri,132KV S/S GANJ DUNDWARA,33KV Ganjdundwara Feeder,4937762,T-D,June,2024,0,0,GANJDUNDWARA_20124,6908.6,EDD KASGANJ RURAL,DAKSHINANCHAL
180,SOUTH-WEST,ETC Aligarh,ETD Mainpuri,132KV S/S GANJ DUNDWARA,33KV Sahawar Feeder,9577534,T-D,June,2024,0,1552.8,SAHAWAR TOWN_22670,1552.8,EDD KASGANJ RURAL,DAKSHINANCHAL
181,SOUTH-WEST,ETC Aligarh,ETD Mainpuri,132KV S/S GANJ DUNDWARA,33KV Sidhpura/Sikhera,UPTCL9577533,T-D,June,2024,0,5215.2,SIDHPURA_22718,3655,EDD KASGANJ RURAL,DAKSHINANCHAL
,,,,,,,,,,,,SIKEHRA_24864,1560.2,EDD KASGANJ RURAL,DAKSHINANCHAL
183,SOUTH-WEST,ETC Aligarh,ETD Mainpuri,132KV S/S GANJ DUNDWARA,33KV Patiyali Feeder,9577551,T-D,June,2024,0,2976,PATIYALI_22598,1070,EDD KASGANJ RURAL,DAKSHINANCHAL
184,SOUTH-WEST,ETC Aligarh,ETD Mainpuri,132KV S/S GANJ DUNDWARA,33KV Sujawalpur Feeder,9577851,T-D,June,2024,0,1916.4,SUJAWALPUR_20203,1916.4,EDD KASGANJ RURAL,DAKSHINANCHAL
185,SOUTH-WEST,ETC Aligarh,ETD Mainpuri,132KV S/S GANJ DUNDWARA,33KV Sikhera Feeder,4937741,T-D,June,2024,0,0,,,,
186,SOUTH-WEST,ETC Aligarh,ETD Mainpuri,132KV S/S GANJ DUNDWARA,33KV Amapur Feeder,UPP 26516,T-D,June,2024,0,2938.2,AMANPUR_22035,3470.8,EDD KASGANJ RURAL,DAKSHINANCHAL
,,,,,,,,,,,,SAHAWAR--RURAL_24815,2938.22,EDD KASGANJ RURAL,DAKSHINANCHAL
188,SOUTH-WEST,ETC Aligarh,ETD Mainpuri,132KV S/S GANJ DUNDWARA,33KV Daryaoganj Feeder,4937748,T-D,June,2024,0,3262.22,BHARGAIN (DARIYAWGANJ )_23006,3262.2,EDD KASGANJ RURAL,DAKSHINANCHAL
189,SOUTH-WEST,ETC Aligarh,ETD Mainpuri,132KV S/S GANJ DUNDWARA,33KV Bus Coupler,UP4937440,T-D,June,2024,0,0,,,,
,,,,,,,,,,,,,,,
,,,,,,,,,,,,,,,
,,,,,,,,,,,,,,,
,,,,,,,,,,,,,,,
,,,,,,,,,,,,,,,
,,,,,,,,,,,,,,,
,,,,,,,,,,,,,,,
197,SOUTH-WEST,ETC Aligarh,ETD Mainpuri,132KV S/S GANJ DUNDWARA,33KV Ganjdundwara,X1174223,T-D,June,2024,0,6908.6,,,,
198,SOUTH-WEST,ETC Aligarh,ETD Mainpuri,132KV S/S KASHGANJ,10MVA T/F,UPE41434,T-D,June,2024,0,2389.3,BHITONA (10 MVA )_20127,2389.3,EDD KASGANJ,DAKSHINANCHAL
199,SOUTH-WEST,ETC Aligarh,ETD Mainpuri,132KV S/S KASHGANJ,33KV DIST COURT,XD508905,T-D,June,2024,0,27.25,,,,
200,SOUTH-WEST,ETC Aligarh,ETD Mainpuri,132KV S/S KASHGANJ,33KV SORON MELA,XD508906,T-D,June,2024,0,1955.8,SORON MELAGROUND_22744,1955.8,EDD KASGANJ RURAL,DAKSHINANCHAL
201,SOUTH-WEST,ETC Aligarh,ETD Mainpuri,132KV S/S KASHGANJ,33 kV TAYAL ISPAT,UPP59144,T-D,June,2024,0,117.6,,,,
202,SOUTH-WEST,ETC Aligarh,ETD Mainpuri,132KV S/S KASHGANJ,33KV BILRAM,XG485959,T-D,June,2024,0,4170.5,SUBSTATION BILRAM_22158,2502.5,EDD KASGANJ,DAKSHINANCHAL
,,,,,,,,,,,,NAGLA PEEPAL_24697,1668,EDD KASGANJ,DAKSHINANCHAL
204,SOUTH-WEST,ETC Aligarh,ETD Mainpuri,132KV S/S KASHGANJ,33 kV STERLING AGRO,9577747,T-D,June,2024,0,548.1,,,,
205,SOUTH-WEST,ETC Aligarh,ETD Mainpuri,132KV S/S KASHGANJ,33KV NAGARIYA,KAB04513,T-D,June,2024,0,0,,,,
206,SOUTH-WEST,ETC Aligarh,ETD Mainpuri,132KV S/S KASHGANJ,33KV PRABHU PARK,X1944138,T-D,June,2024,0,3885.5,PRABHU PARK_20125,3885.5,EDD KASGANJ,DAKSHINANCHAL
207,SOUTH-WEST,ETC Aligarh,ETD Mainpuri,132KV S/S KASHGANJ,33KV NAMENI,XG485958,T-D,June,2024,0,2108.5,NAMAINI_24703,2108.5,EDD KASGANJ,DAKSHINANCHAL
208,SOUTH-WEST,ETC Aligarh,ETD Mainpuri,132KV S/S KASHGANJ,33KV BILRAM GATE TOWN,KAB04516,T-D,June,2024,0,2231.7,,,,
209,SOUTH-WEST,ETC Aligarh,ETD Mainpuri,132KV S/S KASHGANJ,33KV KASGANJ TOWN,KAB04512,T-D,June,2024,0,0,KASGANJ NAGAR_24264,2231.7,EDD KASGANJ,DAKSHINANCHAL
210,SOUTH-WEST,ETC Aligarh,ETD Mainpuri,132KV S/S KASHGANJ,8MVA T/F,UPE41435,T-D,June,2024,0,2921.76,BHITONA (8 MVA )_20127,2921.8,EDD KASGANJ,DAKSHINANCHAL
211,SOUTH-WEST,ETC Aligarh,ETD Mainpuri,132KV S/S KASHGANJ,33KV KASGANJ RURAL,XD508907,T-D,June,2024,0,5338.6,BHITONA NO. 09_20126,5338.6,EDD KASGANJ,DAKSHINANCHAL
212,SOUTH-WEST,ETC Aligarh,ETD Mainpuri,132KV S/S KASHGANJ,33 kV Collectrate,UPE 41444,T-D,June,2024,0,1842.12,,,,
213,SOUTH-WEST,ETC Aligarh,ETD Mainpuri,132KV S/S KASHGANJ,33 kV Soro Feeder,XG 485957,T-D,June,2024,0,0,,,,
214,SOUTH-WEST,ETC Kanpur-I,"220 kV Div. Panki, Kanpur",220KV S/S PANKI(KANPUR),KFCL-I,UPP69602,T-D,June,2024,0,23882.11,,,,
215,SOUTH-WEST,ETC Kanpur-I,"220 kV Div. Panki, Kanpur",220KV S/S PANKI(KANPUR),KFCL-II,UPP69604,T-D,June,2024,0,19735.1,,,,
216,SOUTH-WEST,ETC Kanpur-I,"220 kV Div. Panki, Kanpur",220KV S/S PANKI(KANPUR),ARMAPUR-I,UP-4197A,T-D,June,2024,1.3,4332.72,,,,
217,SOUTH-WEST,ETC Kanpur-I,"220 kV Div. Panki, Kanpur",220KV S/S PANKI(KANPUR),ARMAPUR-II,UP-4202A,T-D,June,2024,4.85,47999.38,,,,
218,SOUTH-WEST,ETC Kanpur-I,"220 kV Div. Panki, Kanpur",220KV S/S PANKI(KANPUR),G-1,UP070473,T-D,June,2024,0,2576.28,FAZAL GANJ,7446.84,GUMTI,KESCO
219,SOUTH-WEST,ETC Kanpur-I,"220 kV Div. Panki, Kanpur",220KV S/S PANKI(KANPUR),G-2,UPP26084,T-D,June,2024,0,2591.16,GIRDHAR COLD STORAGE,1571.16,GUMTI,KESCO
220,SOUTH-WEST,ETC Kanpur-I,"220 kV Div. Panki, Kanpur",220KV S/S PANKI(KANPUR),G-3,UP070474,T-D,June,2024,0,2780.28,NANKARI,2698.5,KALYANPUR,KESCO
,,,,,,,,,,,,BARA SIROHI,5181,KALYANPUR,KESCO
222,SOUTH-WEST,ETC Kanpur-I,"220 kV Div. Panki, Kanpur",220KV S/S PANKI(KANPUR),G-4,UPP26081,T-D,June,2024,0,4870.56,FAZAL GANJ,7446.84,GUMTI,KESCO
,,,,,,,,,,,,GIRDHAR COLD STORAGE,1571.16,GUMTI,KESCO
224,SOUTH-WEST,ETC Kanpur-I,"220 kV Div. Panki, Kanpur",220KV S/S PANKI(KANPUR),G-5,UPP26082,T-D,June,2024,0,2459.28,KALYANPUR,6106.16,KALYANPUR,KESCO
225,SOUTH-WEST,ETC Kanpur-I,"220 kV Div. Panki, Kanpur",220KV S/S PANKI(KANPUR),G-6,UP070476,T-D,June,2024,0,3999.6,RATANPUR,4700.6,RATANPUR,KESCO
226,SOUTH-WEST,ETC Kanpur-I,"220 kV Div. Panki, Kanpur",220KV S/S PANKI(KANPUR),G-7,UPP26080,T-D,June,2024,0,1407.6,B BLOCK PANKI,7060.7,RATANPUR,KESCO
227,SOUTH-WEST,ETC Kanpur-I,"220 kV Div. Panki, Kanpur",220KV S/S PANKI(KANPUR),G-8,UP070477,T-D,June,2024,0,135.12,,,,
228,SOUTH-WEST,ETC Kanpur-I,"220 kV Div. Panki, Kanpur",220KV S/S PANKI(KANPUR),G-9,UP070469,T-D,June,2024,0,6240.96,KALPI ROAD,1020,GUMTI,KESCO
,,,,,,,,,,,,DARSHANPURWA,6240.96,GUMTI,KESCO
230,SOUTH-WEST,ETC Kanpur-I,"220 kV Div. Panki, Kanpur",220KV S/S PANKI(KANPUR),G-10,UP070468,T-D,June,2024,0,5600.4,CHAUBEPUR ASIDE_24429,5207.37,EDD II CHAUBEYPUR,DAKSHINANCHAL
231,SOUTH-WEST,ETC Kanpur-I,"220 kV Div. Panki, Kanpur",220KV S/S PANKI(KANPUR),G-11,UPP26083,T-D,June,2024,0,5417.52,SHASTRI NAGAR,6552.4,RATANPUR,KESCO
232,SOUTH-WEST,ETC Kanpur-I,"220 kV Div. Panki, Kanpur",220KV S/S PANKI(KANPUR),RPH-I,UP070475,T-D,June,2024,0,1544.88,SHASTRI NAGAR,6552.4,RATANPUR,KESCO
,,,,,,,,,,,,NAMAK FACTORY,7732.5,SARVODAYA NAGAR,KESCO
234,SOUTH-WEST,ETC Kanpur-I,"220 kV Div. Panki, Kanpur",220KV S/S PANKI(KANPUR),RPH-II,UPP26085,T-D,June,2024,0,3972.84,GANGA BAIRAJ,2943.39,NAWABGANJ,KESCO
,,,,,,,,,,,,ZOO,775.2,NAWABGANJ,KESCO
,,,,,,,,,,,,IIPR,200,KALYANPUR,KESCO
237,SOUTH-WEST,ETC Kanpur-I,"220 kV Div. Panki, Kanpur",220KV S/S PANKI(KANPUR),NAVEEN NANAR,UP 070471,T-D,June,2024,0,5328.24,NAVEEN NAGAR,5328.24,SARVODAYA NAGAR,KESCO
,,,,,,,,,,,,RTO,5792.98,SARVODAYA NAGAR,KESCO
239,SOUTH-WEST,ETC Kanpur-I,"220 kV Div. Panki, Kanpur",220KV S/S PANKI(KANPUR),HARIOM IND.,Q0506017,T-D,June,2024,0,0,,,,
,,,,,,,,,,,,,,,
241,SOUTH-WEST,ETC Kanpur-I,"220 kV Div. Panki, Kanpur",220KV S/S PANKI(KANPUR),IIT,UP 070470,T-D,June,2024,0,0,,,,
,,,,,,,,,,,,,,,
243,SOUTH-WEST,ETC Kanpur-I,"220 kV Div. Panki, Kanpur",220KV S/S PANKI(KANPUR),BILHAUR,UP 1157A,T-D,June,2024,0,3360.84,CHAUBEPUR_24428,3360.84,EDD II CHAUBEYPUR,DAKSHINANCHAL
244,SOUTH-WEST,ETC Kanpur-I,"220 kV Div. Panki, Kanpur",220KV S/S PANKI(KANPUR),PSIT,UPP26091,T-D,June,2024,0,0,,,,
245,SOUTH-WEST,ETC Kanpur-I,"220 kV Div. Panki, Kanpur",220KV S/S PANKI(KANPUR),RANIA.,UP 1058 A,T-D,June,2024,0,8388.24,SACHENDI_24808,7818.74,EDD I KANPUR,DAKSHINANCHAL
246,SOUTH-WEST,ETC Kanpur-I,"220 kV Div. Panki, Kanpur",220KV S/S PANKI(KANPUR),ISPATNAGAR,KAB04562,T-D,June,2024,0,25,,,,
247,SOUTH-WEST,ETC Kanpur-I,"220 kV Div. Panki, Kanpur",220KV S/S PANKI(KANPUR),KESHAV PURAM-I,KAB 04569,T-D,June,2024,0,0,KESHAVPURAM,8579,KALYANPUR,KESCO
,,,,,,,,,,,,MAHABALIPURAM,2623.8,KALYANPUR,KESCO
,,,,,,,,,,,,AMBEDKARPURAM,3418.56,KALYANPUR,KESCO
,,,,,,,,,,,,KESHAVPURAM,8579,KALYANPUR,KESCO
,,,,,,,,,,,,MAHABALIPURAM,2623.8,KALYANPUR,KESCO
,,,,,,,,,,,,AMBEDKARPURAM,3418.56,KALYANPUR,KESCO
253,SOUTH-WEST,ETC Kanpur-I,"220 kV Div. Panki, Kanpur",220KV S/S PANKI(KANPUR),KESHAV PURAM-II,KAB 04562,T-D,June,2024,0,8432.8,IIPR,200,KALYANPUR,KESCO
,,,,,,,,,,,,KESHAVPURAM,8579,KALYANPUR,KESCO
,,,,,,,,,,,,MAHABALIPURAM,2623.8,KALYANPUR,KESCO
,,,,,,,,,,,,AMBEDKARPURAM,3418.56,KALYANPUR,KESCO
257,SOUTH-WEST,ETC Mathura,ETD Hathras,132KV S/S SASNI,33 KV NOUHATI,X1484864,T-D,June,2024,0,472,NOHTI_24728,472,EDD I ALIGARH,DAKSHINANCHAL
258,SOUTH-WEST,ETC Mathura,ETD Hathras,132KV S/S SASNI,33 KV TRANS. BUS COUPLER,4937812,T-D,June,2024,0,8,,,,
259,SOUTH-WEST,ETC Mathura,ETD Hathras,132KV S/S SASNI,33 KV TEHSIL HEAD QUARTER,4977782,T-D,June,2024,0,1020,TEHSEEL_24896,1020,EDD III HATHRAS,DAKSHINANCHAL
260,SOUTH-WEST,ETC Mathura,ETD Hathras,132KV S/S SASNI,33 KV SASNI -1,X1215185,T-D,June,2024,0,5676,SASNI_22699,5327,EDD III HATHRAS,DAKSHINANCHAL
,,,,,,,,,,,,SASNI-II (CHOUNDA)_24845,1628,EDD III HATHRAS,DAKSHINANCHAL
262,SOUTH-WEST,ETC Mathura,ETD Hathras,132KV S/S SASNI,33 KV KOMRI,X1196570,T-D,June,2024,0,4200,BIRRA_24401,1336,EDD III HATHRAS,DAKSHINANCHAL
263,SOUTH-WEST,ETC Mathura,ETD Hathras,132KV S/S SASNI,33 KV BILKHORA,X1215225,T-D,June,2024,0,2718,MADRAK_24636,2064,EDD I ALIGARH,DAKSHINANCHAL
,,,,,,,,,,,,BILKHORA_24398,654,EDD III HATHRAS,DAKSHINANCHAL
265,SOUTH-WEST,ETC Mathura,ETD Hathras,132KV S/S SASNI,33KV BALAJI,9577867,T-D,June,2024,0,0,,,,
,,,,,,,,,,,,,,,
,,,,,,,,,,,,,,,
268,SOUTH-WEST,ETC Mathura,ETD Hathras,132KV S/S SASNI,33 KV SASNI -2,X1196553,T-D,June,2024,0,2854,BASAI BASGOI_24359,1036,EDD III HATHRAS,DAKSHINANCHAL
269,SOUTH-WEST,ETC Mathura,ETD Mathura,220KV S/S MATH,33 KV Feeder Managarhi,XC477508,T-D,June,2024,0,2874,MANAGARI_24651,2876,EDD MATH,DAKSHINANCHAL
270,SOUTH-WEST,ETC Mathura,ETD Mathura,220KV S/S MATH,33 KV Feeder Sakatpur,XC477504,T-D,June,2024,0,1272,SAKATPUR_24824,1272,EDD MATH,DAKSHINANCHAL
271,SOUTH-WEST,ETC Mathura,ETD Mathura,220KV S/S MATH,33 KV Feeder Naujheel Line,XC477505,T-D,June,2024,0,0,NAUJHEEL_24712,5394,EDD MATH,DAKSHINANCHAL
272,SOUTH-WEST,ETC Mathura,ETD Mathura,220KV S/S MATH,33 KV Feeder Naujheel Link Line,XC447503,T-D,June,2024,0,5394,,,,
273,SOUTH-WEST,ETC Mathura,ETD Mathura,220KV S/S MATH,33 KV Pachehra,XC477499,T-D,June,2024,0,1124,BAJNA_22083,2461,EDD MATH,DAKSHINANCHAL
274,SOUTH-WEST,ETC Mathura,ETD Mathura,220KV S/S MATH,33 KV Feeder TBC,XC477506,T-D,June,2024,0,0,,,,
275,SOUTH-WEST,ETC Mathura,ETD Mathura,220KV S/S MATH,33 KV Bajna,XC477502,T-D,June,2024,0,0,,,,
276,SOUTH-WEST,ETC Kanpur-II,ETD Etawah,220KV S/S BHARTHANA,40MVA T/F -1st,UP0128A,T-D,June,2024,0,10484.88,,,,
277,SOUTH-WEST,ETC Kanpur-II,ETD Etawah,220KV S/S BHARTHANA,40 MVA T/F-2nd,UP1651A,T-D,June,2024,0,11231.52,,,,
278,SOUTH-WEST,ETC Kanpur-II,ETD Etawah,220KV S/S BHARTHANA,33KV SUJIPURA,X1484935,T-D,June,2024,0,2042.4,SUJIPURA_24881,2540,EDD II ETAWAH,DAKSHINANCHAL
279,SOUTH-WEST,ETC Kanpur-II,ETD Etawah,220KV S/S BHARTHANA,33KV EKDIL,X1484849,T-D,June,2024,0,0,,,,
280,SOUTH-WEST,ETC Kanpur-II,ETD Etawah,220KV S/S BHARTHANA,33KV NIBARIKALA,X1484936,T-D,June,2024,0,2605.2,NIWARI KALA_24725,1305,EDD II ETAWAH,DAKSHINANCHAL
281,SOUTH-WEST,ETC Kanpur-II,ETD Etawah,220KV S/S BHARTHANA,33KV MAHEWA,X1484850,T-D,June,2024,0,3034.4,MAHEWA_24640,2504,EDD II ETAWAH,DAKSHINANCHAL
282,SOUTH-WEST,ETC Kanpur-II,ETD Etawah,220KV S/S BHARTHANA,33KV SAHAMO,X1484846,T-D,June,2024,0,813.2,SAMHO (KATHMAU)_24827,813,EDD II ETAWAH,DAKSHINANCHAL
283,SOUTH-WEST,ETC Kanpur-II,ETD Etawah,220KV S/S BHARTHANA,33KV JACK BUS,X1484853,T-D,June,2024,0,498.4,,,,
284,SOUTH-WEST,ETC Kanpur-II,ETD Etawah,220KV S/S BHARTHANA,33KV BHARTHANA,X1484844,T-D,June,2024,0,5487.2,BHARTHANA_20106,5487,EDD II ETAWAH,DAKSHINANCHAL
285,SOUTH-WEST,ETC Kanpur-II,ETD Etawah,220KV S/S BHARTHANA,33KV GAURAPURA,X1484862,T-D,June,2024,0,3393.6,CHITBHAWAN (GAURAPURA)_24440,3393,EDD II ETAWAH,DAKSHINANCHAL
286,SOUTH-WEST,ETC Kanpur-II,ETD Etawah,220KV S/S BHARTHANA,33KV KUSHNA,UPP40488,T-D,June,2024,0,1167.2,KUSNA TURIYA_24618,1167,EDD II ETAWAH,DAKSHINANCHAL
287,SOUTH-WEST,ETC Kanpur-II,ETD Etawah,220KV S/S BHARTHANA,33KV BHAISAI,UPP40487,T-D,June,2024,0,2589.8,BHAISAI_24381,2589,EDD II ETAWAH,DAKSHINANCHAL
288,SOUTH-WEST,ETC Kanpur-II,ETD Etawah,220KV S/S SEFAI NEW,132 KV DFCC ITGAON CKT-II,UPGE4123A,T-D,June,2024,78.62,2030.93,,,,
289,SOUTH-WEST,ETC Kanpur-II,ETD Etawah,220KV S/S SEFAI NEW,63 MVA T/F-I,UPP40215,T-D,June,2024,0,13681.8,,,,
290,SOUTH-WEST,ETC Kanpur-II,ETD Etawah,220KV S/S SEFAI NEW,63 MVA T/F-II,UPP40214,T-D,June,2024,0,15601.2,,,,
291,SOUTH-WEST,ETC Kanpur-II,ETD Etawah,220KV S/S SEFAI NEW,33 KV FEEDER HAWAI PATTI,Y0197636,T-D,June,2024,0,912.4,SAHSAR_24817,912,EDD III SAIFAI,DAKSHINANCHAL
292,SOUTH-WEST,ETC Kanpur-II,ETD Etawah,220KV S/S SEFAI NEW,33 KV FEEDER TARAN TAL,Y0197558,T-D,June,2024,0,0,,,,
293,SOUTH-WEST,ETC Kanpur-II,ETD Etawah,220KV S/S SEFAI NEW,33 KV FEEDER PARASNA,MSP46323,T-D,June,2024,0,1729.2,PARSANA_24760,1729,EDD III SAIFAI,DAKSHINANCHAL
294,SOUTH-WEST,ETC Kanpur-II,ETD Etawah,220KV S/S SEFAI NEW,33 KV FEEDER TRAUMA,MSP46316,T-D,June,2024,0,638.9,,,,
295,SOUTH-WEST,ETC Kanpur-II,ETD Etawah,220KV S/S SEFAI NEW,33 KV FEEDER HEORA,MSP46318,T-D,June,2024,0,2381.4,HEORA_24515,2381,EDD III SAIFAI,DAKSHINANCHAL
296,SOUTH-WEST,ETC Kanpur-II,ETD Etawah,220KV S/S SEFAI NEW,33 KV FEEDER RIMS,MSP46312,T-D,June,2024,0,1203.2,,,,
297,SOUTH-WEST,ETC Kanpur-II,ETD Etawah,220KV S/S SEFAI NEW,33 KV FEEDER SAIFAI-III,MSP46313,T-D,June,2024,0,1436.8,SAIFAI 3_24821,1347,EDD III SAIFAI,DAKSHINANCHAL
298,SOUTH-WEST,ETC Kanpur-II,ETD Etawah,220KV S/S SEFAI NEW,33 KV FEEDER SAIFAI-II,MSP46321,T-D,June,2024,0,1649,SAIFAI 2_24820,1792,EDD III SAIFAI,DAKSHINANCHAL
299,SOUTH-WEST,ETC Kanpur-II,ETD Etawah,220KV S/S SEFAI NEW,33 KV FEEDER SAIFAI-I,MSP46314,T-D,June,2024,0,1880.2,SAIFAI 1_24819,1880,EDD III SAIFAI,DAKSHINANCHAL
300,SOUTH-WEST,ETC Kanpur-II,ETD Etawah,220KV S/S SEFAI NEW,33 KV FEEDER FATEHPURA,MSP46322,T-D,June,2024,0,0,FATEHPURA_24473,1676,EDD III SAIFAI,DAKSHINANCHAL
301,SOUTH-WEST,ETC Kanpur-II,ETD Etawah,220KV S/S SEFAI NEW,33 KV FEEDER DEHULI BERNAHAL,MSP46320,T-D,June,2024,0,5818.8,ASROHI_251723,1288,EDD III MAINPURI,DAKSHINANCHAL
,,,,,,,,,,,,BARNAHAL_251723,4530.6,EDD III MAINPURI,DAKSHINANCHAL
303,SOUTH-WEST,ETC Kanpur-II,ETD Etawah,220KV S/S SEFAI NEW,33 KV FEEDER KARHAL,MSP46315,T-D,June,2024,0,0,KARHAL_251723,4682.4,EDD III MAINPURI,DAKSHINANCHAL
,,,,,,,,,,,,KARHAL_251723,4682.4,EDD III MAINPURI,DAKSHINANCHAL
305,SOUTH-WEST,ETC Kanpur-II,ETD Etawah,220KV S/S SEFAI NEW,33 KV FEEDER SIMRAU,7252886,T-D,June,2024,0,5228.4,ANDANI_251723,1015,EDD III MAINPURI,DAKSHINANCHAL
,,,,,,,,,,,,SIMRAU_251723,3085.4,EDD III MAINPURI,DAKSHINANCHAL
307,SOUTH-WEST,ETC Kanpur-II,ETD Etawah,220KV S/S SEFAI NEW,33 KV BUS COUPLER,MSP46319,T-D,June,2024,0,0,,,,
308,SOUTH-WEST,ETC Kanpur-II,ETD Etawah,220KV S/S SEFAI NEW,33 KV FEEDER TAKHRAU,Y0197642,T-D,June,2024,0,1629.8,BHUJIYA_251723,1128,EDD III MAINPURI,DAKSHINANCHAL
,,,,,,,,,,,,TAKHRAU_251723,875,EDD III MAINPURI,DAKSHINANCHAL
,,,,,,,,,,,,KURRA_251723,754.8,EDD III MAINPURI,DAKSHINANCHAL
311,SOUTH-WEST,ETC Kanpur-II,ETD Etawah,220KV S/S SEFAI NEW,132 KV DFCC ITGAON CIRCUIT-I,UPGE4121A,T-D,June,2024,47.42,2354.06,,,,
312,SOUTH-WEST,ETC Kanpur-II,ETD Etawah,132KV S/S CHAKARNAGAR,33KV LAKHNA FEEDER,XB6580791,T-D,June,2024,0,2454.6,,,,
313,SOUTH-WEST,ETC Kanpur-II,ETD Etawah,132KV S/S CHAKARNAGAR,33KV CHAKARNAGAR FEEDER,XB6580787,T-D,June,2024,0,1962.4,CHAKERNAGAR_24414,1962,EDD II ETAWAH,DAKSHINANCHAL
,,,,,,,,,,,,BHAREH_24382,1962,EDD II ETAWAH,DAKSHINANCHAL
,,,,,,,,,,,,CHAKERNAGAR TEHSEEL_24415,1962,EDD II ETAWAH,DAKSHINANCHAL
316,SOUTH-WEST,ETC Kanpur-II,ETD Etawah,132KV S/S CHAKARNAGAR,33KV BUS COUPLER FEEDER,XB6580793,T-D,June,2024,0,79.8,,,,
317,SOUTH-WEST,ETC Kanpur-II,ETD Etawah,132KV S/S CHAKARNAGAR,33KV HANUMANTPUR FEEDER,XB6569506,T-D,June,2024,0,1564.8,SAHSON HANUMANTPURA_24818,1565,EDD II ETAWAH,DAKSHINANCHAL
,,,,,,,,,,,,BITHOLI KARIAWALI_24405,1565,EDD II ETAWAH,DAKSHINANCHAL
319,SOUTH-WEST,ETC Kanpur-II,ETD Etawah,132KV S/S CHAKARNAGAR,33KV DHAKATAL FEEDER,XB6580779,T-D,June,2024,0,689.2,DHAKATAL_24453,689,EDD II ETAWAH,DAKSHINANCHAL
320,SOUTH-WEST,ETC Kanpur-II,ETD Etawah,132KV S/S CHAKARNAGAR,33KV BAKEWR-I FEEDER,XB6580786,T-D,June,2024,0,6697,EKDIL_22232,6697,EDD II ETAWAH,DAKSHINANCHAL
,,,,,,,,,,,,MANIKPUR MOHAN_24655,6697,EDD II ETAWAH,DAKSHINANCHAL
322,SOUTH-WEST,ETC Kanpur-II,ETD Etawah,132KV S/S CHAKARNAGAR,33KV BAKEWAR-II FEEDER,XB6580790,T-D,June,2024,0,4853,BAKEWAR_24336,4853,EDD II ETAWAH,DAKSHINANCHAL
,,,,,,,,,,,,LAKHANA_24625,2455,EDD II ETAWAH,DAKSHINANCHAL
,,,,,,,,,,,,BAKEBER 2_22087,4853,EDD II ETAWAH,DAKSHINANCHAL
325,SOUTH-WEST,ETC Kanpur-II,ETD Etawah,132KV S/S CHAKARNAGAR,"33KV BAHADURPUR, FEEDER",XB569508,T-D,June,2024,0,1073.8,BAHADUPUR DHAR_24332,1154,EDD II ETAWAH,DAKSHINANCHAL
326,SOUTH-WEST,ETC Kanpur-II,ETD Etawah,132KV S/S CHAKARNAGAR,40MVAT/F 1st,UP-6695A,T-D,June,2024,0,9953.57,,,,
327,SOUTH-WEST,ETC Kanpur-II,ETD Etawah,132KV S/S CHAKARNAGAR,40MVA T/F-2nd,UP-6696A,T-D,June,2024,0,9462.72,,,,
328,SOUTH-WEST,ETC Kanpur-II,ETD Etawah,132KV S/S JASWANTNAGAR,33 KV BUS COUPLER BAY,SIEM0466,T-D,June,2024,0,0,,,,
329,SOUTH-WEST,ETC Kanpur-II,ETD Etawah,132KV S/S JASWANTNAGAR,33 KV JASWANTNAGAR RURAL,SIEM0462,T-D,June,2024,0,6265.6,JASWANT NAGAR_22345,1648,EDD III SAIFAI,DAKSHINANCHAL
330,SOUTH-WEST,ETC Kanpur-II,ETD Etawah,132KV S/S JASWANTNAGAR,33 KV JASWANTNAGAR(HV-I),SIEM0470,T-D,June,2024,0,6370.8,JASWANT NAGAR_22345,6370,EDD III SAIFAI,DAKSHINANCHAL
,,,,,,,,,,,,JUGAURA_24557,824,EDD III SAIFAI,DAKSHINANCHAL
,,,,,,,,,,,,BALRAI_24338,2967,EDD III SAIFAI,DAKSHINANCHAL
,,,,,,,,,,,,SIRSA BIBAMAU_24870,826,EDD III SAIFAI,DAKSHINANCHAL
334,SOUTH-WEST,ETC Kanpur-II,ETD Etawah,132KV S/S JASWANTNAGAR,33 KV RAINAGAR,SIEM0464,T-D,June,2024,0,1061.2,RAINAGAR_24787,1061,EDD III SAIFAI,DAKSHINANCHAL
335,SOUTH-WEST,ETC Kanpur-II,ETD Etawah,132KV S/S JASWANTNAGAR,33 KV SHAHJAHANPUR,SIEM0463,T-D,June,2024,0,3352,SHAHJHANPUR_24853,1676,EDD III SAIFAI,DAKSHINANCHAL
336,SOUTH-WEST,ETC Kanpur-II,ETD Etawah,132KV S/S JASWANTNAGAR,33 KV MAHOLA,SIEM0461,T-D,June,2024,0,2007.2,MAHOLA_24643,2006,EDD III SAIFAI,DAKSHINANCHAL
337,SOUTH-WEST,ETC Kanpur-II,ETD Etawah,132KV S/S JASWANTNAGAR,40 MVA TRANSFORMER IInd BAY,UPP40104,T-D,June,2024,0,0,,,,
338,SOUTH-WEST,ETC Kanpur-II,ETD Etawah,132KV S/S JASWANTNAGAR,40MVA TRANSFORMER I BAY,UPP40103,T-D,June,2024,0,9532.56,,,,
339,SOUTH-WEST,ETC Kanpur-II,ETD Etawah,132KV S/S JASWANTNAGAR,132 KV TSS SAIFAI BAY,UP-5241-A,T-D,June,2024,36.14,98.26,,,,
,,,,,,,,,,,,,,,
341,SOUTH-WEST,ETC Kanpur-II,ETD Etawah,"132KV S/S KUNERA,ETAWAH",63MVA T/F I,UP0621A,T-D,June,2024,0,17541.75,,,,
342,SOUTH-WEST,ETC Kanpur-II,ETD Etawah,"132KV S/S KUNERA,ETAWAH",63MVA T/F II,UP5159A,T-D,June,2024,0,26835.04,,,,
343,SOUTH-WEST,ETC Kanpur-II,ETD Etawah,"132KV S/S KUNERA,ETAWAH",33 KV FEEDER ETAWAH,X1484978,T-D,June,2024,0,9160.8,MAINPURI FATAK_20107,9161,EDD I ETAWAH,DAKSHINANCHAL
,,,,,,,,,,,,GURU TEG BAHADUR_20162,9161,EDD I ETAWAH,DAKSHINANCHAL
345,SOUTH-WEST,ETC Kanpur-II,ETD Etawah,"132KV S/S KUNERA,ETAWAH",33 KV FEEDER RAMLEELA,X1484931,T-D,June,2024,0,4507.2,RAM LEELA_20156,4507,EDD I ETAWAH,DAKSHINANCHAL
346,SOUTH-WEST,ETC Kanpur-II,ETD Etawah,"132KV S/S KUNERA,ETAWAH",33 KV FEEDER RAJA KA BAG,X1484932,T-D,June,2024,0,1367.6,RAJA KA BAGH_20163,1368,EDD I ETAWAH,DAKSHINANCHAL
347,SOUTH-WEST,ETC Kanpur-II,ETD Etawah,"132KV S/S KUNERA,ETAWAH",33KV FEEDER AWASH VIKAS,Y0197588,T-D,June,2024,0,1587.99,AWAS VIKAS_24275,1588,EDD I ETAWAH,DAKSHINANCHAL
348,SOUTH-WEST,ETC Kanpur-II,ETD Etawah,"132KV S/S KUNERA,ETAWAH",33 KV FEEDER FRIENDS COLONY 1,Y0197541,T-D,June,2024,0,5645.6,FRIENDS COLONY - 1_20110,5646,EDD I ETAWAH,DAKSHINANCHAL
349,SOUTH-WEST,ETC Kanpur-II,ETD Etawah,"132KV S/S KUNERA,ETAWAH",33 KV FEEDER DISTRICT COURT,Y0197559,T-D,June,2024,0,25.56,,,,
350,SOUTH-WEST,ETC Kanpur-II,ETD Etawah,"132KV S/S KUNERA,ETAWAH",33 KV FEEDER CHAUBIA,UPP40489,T-D,June,2024,0,6094.4,BASREHAR_24362,3054,EDD II ETAWAH,DAKSHINANCHAL
,,,,,,,,,,,,CHAUBIA_24430,3040,EDD III SAIFAI,DAKSHINANCHAL
352,SOUTH-WEST,ETC Kanpur-II,ETD Etawah,"132KV S/S KUNERA,ETAWAH",33 KV BUS COUPLER,UPP40492,T-D,June,2024,0,0,,,,
353,SOUTH-WEST,ETC Kanpur-II,ETD Etawah,"132KV S/S KUNERA,ETAWAH",33 KV DISTRICT HOSPITAL,UPP40493,T-D,June,2024,0,109.15,,,,
354,SOUTH-WEST,ETC Kanpur-II,ETD Etawah,"132KV S/S KUNERA,ETAWAH",33 KV FRIENDS COLONY 2,UPP40506,T-D,June,2024,0,6208.6,FRIENDS COLONY - 2_20157,6209,EDD I ETAWAH,DAKSHINANCHAL
355,SOUTH-WEST,ETC Kanpur-II,ETD Etawah,"132KV S/S KUNERA,ETAWAH",33 KV FEEDER SUNDERPUR,UPP40449,T-D,June,2024,0,7407.8,SUNDER PUR_20108,7408,EDD I ETAWAH,DAKSHINANCHAL
356,SOUTH-WEST,ETC Kanpur-II,ETD Etawah,"132KV S/S KUNERA,ETAWAH",33 KV FEEDER KUNERA,UPP40499,T-D,June,2024,0,3301,KUNERA_24614,3300,EDD III SAIFAI,DAKSHINANCHAL
357,SOUTH-WEST,ETC Kanpur-II,ETD Etawah,"132KV S/S KUNERA,ETAWAH",33 KV ENGG+KALIWAHAN,7252884,T-D,June,2024,0,9864,ENGINEERING COLLEGE_20109,9689,EDD I ETAWAH,DAKSHINANCHAL
,,,,,,,,,,,,KALI WAHAN_20111,9689,EDD I ETAWAH,DAKSHINANCHAL
359,SOUTH-WEST,ETC Kanpur-II,ETD Etawah,"132KV S/S KUNERA,ETAWAH",33 KV MOTHER DAIRY,UPP26125,T-D,June,2024,0,468.18,,,,
360,SOUTH-WEST,ETC Kanpur-II,ETD Etawah,"132KV S/S KUNERA,ETAWAH",33KV FEEDER UDI SARAI BHUPAT,7252935,T-D,June,2024,0,5002.8,UDI_24907,3023,EDD II ETAWAH,DAKSHINANCHAL
,,,,,,,,,,,,PACHAYGANV_24736,3023,EDD II ETAWAH,DAKSHINANCHAL
,,,,,,,,,,,,SARAI BHUPAT_24833,1980,EDD III SAIFAI,DAKSHINANCHAL
363,SOUTH-WEST,ETC Kanpur-II,ETD Etawah,"132KV S/S KUNERA,ETAWAH",63 MVA T/F III,UP-5138-A,T-D,June,2024,0,16120.58,,,,
364,SOUTH-WEST,ETC Kanpur-II,ETD Etawah,132KV S/S TAKHA,20 MVA TRANSFORMER BAY,UP3304A,T-D,June,2024,0,3195.12,,,,
365,SOUTH-WEST,ETC Kanpur-II,ETD Etawah,132KV S/S TAKHA,33 KV CHOPLA,XB577663,T-D,June,2024,0,2116,CHAOPULA_24424,2112,EDD III SAIFAI,DAKSHINANCHAL
366,SOUTH-WEST,ETC Kanpur-II,ETD Etawah,132KV S/S TAKHA,33 KV BHARTIYA-KOTHI,YO292736,T-D,June,2024,0,967,BHARTIYA KOHTI_24384,967,EDD III SAIFAI,DAKSHINANCHAL
367,SOUTH-WEST,ETC Kanpur-II,ETD Etawah,132KV S/S TAKHA,33 KV TAKHA,XB577661,T-D,June,2024,0,1596,TAKHA_24889,1595,EDD III SAIFAI,DAKSHINANCHAL
368,SOUTH-WEST,ETC Kanpur-II,ETD Etawah,132KV S/S TAKHA,NAGARIYA SARABA,XB577660,T-D,June,2024,0,2232,NAGRIYA SARAWA_24701,1588,EDD III SAIFAI,DAKSHINANCHAL
369,SOUTH-WEST,ETC Kanpur-II,ETD Etawah,132KV S/S TAKHA,33 KV BUS COUPLER,XB577659,T-D,June,2024,0,0,,,,
370,SOUTH-WEST,ETC Kanpur-II,ETD Etawah,132KV S/S TAKHA,33KV FEEDER USRAHAR,XB577645,T-D,June,2024,0,3120,USHARAHAR_24918,3120,EDD III SAIFAI,DAKSHINANCHAL
371,SOUTH-WEST,ETC Kanpur-II,ETD Etawah,132KV S/S TAKHA,"40 MVA TRANSFORMER BAY,",UP3303A,T-D,June,2024,0,6591.6,,,,
372,SOUTH-WEST,ETC Kanpur-II,ETD Kanpur-II,220KVSARH,33 KV PALI,UPP65392,T-D,June,2024,0,942.28,PALI_24706,942.28,EDD I KANPUR,DAKSHINANCHAL
373,SOUTH-WEST,ETC Kanpur-II,ETD Kanpur-II,220KVSARH,33 KV BHARU,UPP65394,T-D,June,2024,0,2579.54,BHARU_24386,2579.54,EDD I KANPUR,DAKSHINANCHAL
374,SOUTH-WEST,ETC Kanpur-II,ETD Kanpur-II,220KVSARH,33 KV NAVELI-I,UPP65393,T-D,June,2024,0,0.94,,,,
375,SOUTH-WEST,ETC Kanpur-II,ETD Kanpur-II,220KVSARH,33 KV NAVELI-II,UPP65389,T-D,June,2024,0,67.06,,,,
376,SOUTH-WEST,ETC Kanpur-II,ETD Kanpur-II,220KVSARH,33 KV SAMBHUA PAMP CANAL,UPP65390,T-D,June,2024,0,20.32,,,,
377,SOUTH-WEST,ETC Kanpur-II,ETD Kanpur-II,220KVSARH,33 KV PASEVA,UPP65388,T-D,June,2024,0,1755.5,PASEWA_24761,1303.46,EDD GHATAMPUR,DAKSHINANCHAL
,,,,,,,,,,,,KORIA_24600,452.04,EDD GHATAMPUR,DAKSHINANCHAL
379,SOUTH-WEST,ETC Kanpur-II,ETD Kanpur-II,220KVSARH,33 KV MURLIPUR PATARI,UPP65471,T-D,June,2024,0,420.4,MP PATARI_24676,420.4,EDD GHATAMPUR,DAKSHINANCHAL
380,SOUTH-WEST,ETC Kanpur-II,ETD Kanpur-II,220KVSARH,33 KV BUS COUPLER,UPP65480,T-D,June,2024,0,0,,,,
381,SOUTH-WEST,ETC Kanpur-II,ETD Kanpur-II,220KVSARH,33 KV SARH,UPP65391,T-D,June,2024,0,2564.3,SARH_24840,2564.38,EDD I KANPUR,DAKSHINANCHAL
382,SOUTH-WEST,ETC Kanpur-II,ETD Kanpur-II,220KVSARH,33 KV DFC-I,UPP65386,T-D,June,2024,0,60.59,DEFENCE CORRIDOR_22806,215.13,EDD I KANPUR,DAKSHINANCHAL
383,SOUTH-WEST,ETC Kanpur-II,ETD Kanpur-II,220KVSARH,33 KV DFC-II,UPP65387,T-D,June,2024,0,154.24,,,,
384,SOUTH-WEST,ETC Kanpur-II,ETD Kanpur-II,132KVGHATAMPUR,33KV _Paras,X1215228,T-D,June,2024,0,1269.4,PARAS_24757,1269.4,EDD GHATAMPUR,DAKSHINANCHAL
385,SOUTH-WEST,ETC Kanpur-II,ETD Kanpur-II,132KVGHATAMPUR,33KV_ Bus Coupler,X1215245,T-D,June,2024,0,0,,,,
386,SOUTH-WEST,ETC Kanpur-II,ETD Kanpur-II,132KVGHATAMPUR,132KV Ghatampur-Ghatampur TSS line_Apex Main,UP0091A,T-D,June,2024,42.34,880.94,GHATAMPUR_24490,1490.39,EDD GHATAMPUR,DAKSHINANCHAL
387,SOUTH-WEST,ETC Kanpur-II,ETD Kanpur-II,132KVGHATAMPUR,33 KV Shambhuwa-II,UP-4868A,T-D,June,2024,0,1956.91,,,,
388,SOUTH-WEST,ETC Kanpur-II,ETD Kanpur-II,132KVGHATAMPUR,33KV Kripalpur (Revna),UP-4866A,T-D,June,2024,0,251.03,,,,
389,SOUTH-WEST,ETC Kanpur-II,ETD Kanpur-II,132KVGHATAMPUR,33 KV Navedi,UP-4872A,T-D,June,2024,0,745.28,,,,
390,SOUTH-WEST,ETC Kanpur-II,ETD Kanpur-II,132KVGHATAMPUR,33 KV Ghatampur Town,UP-4873A,T-D,June,2024,0,2812.63,,,,
391,SOUTH-WEST,ETC Kanpur-II,ETD Kanpur-II,132KVGHATAMPUR,33 KV Shyodhari (Revna),UP-4867A,T-D,June,2024,0,2421.96,,,,
392,SOUTH-WEST,ETC Kanpur-II,ETD Kanpur-II,132KVGHATAMPUR,33 KV Ghatampur Rural + Bhadras,UP-4869A,T-D,June,2024,0,2159.56,,,,
393,SOUTH-WEST,ETC Kanpur-II,ETD Kanpur-II,132KVGHATAMPUR,33 KV Baripal (Gujjela),UP-4871A,T-D,June,2024,0,461.2,,,,
394,SOUTH-WEST,ETC Kanpur-II,ETD Kanpur-II,132KVGHATAMPUR,33 KV Sajeti,UP-4870A,T-D,June,2024,0,2067.54,,,,
395,SOUTH-WEST,ETC Kanpur-II,ETD Kanpur-II,132KVGHATAMPUR,33 KV SHAMBHUWA PUMP CANAL,UP-4865A,T-D,June,2024,0,5.03,,,,
396,SOUTH-WEST,ETC Kanpur-II,ETD Kanpur-II,132KVGHATAMPUR,33 KV Neyvelli Lignite - I,UP-4862A,T-D,June,2024,0,208.19,,,,
397,SOUTH-WEST,ETC Kanpur-II,ETD Kanpur-II,132KVGHATAMPUR,33 KV Neyvelli Lignite - II,UP-4861A,T-D,June,2024,0,210.43,,,,
398,SOUTH-WEST,ETC Kanpur-II,ETD Kanpur-II,132KVGHATAMPUR,33 KV Pasewa (Baripal),UP-4863A,T-D,June,2024,0,912.86,,,,
399,SOUTH-WEST,ETC Kanpur-II,ETD Kanpur-II,132KVGHATAMPUR,33 KV Moosanagar,UP-4864A,T-D,June,2024,0,2245.38,MOOSA NAGAR_24938,1801.77,EDD KANPUR DEHAT,DAKSHINANCHAL
400,SOUTH-WEST,ETC Kanpur-II,ETD Kanpur-II,132KVGHATAMPUR,132 KV Ghatampur - Ghatampur TSS Line _Apex Check New,UP-4874A,T-D,June,2024,42.24,879.1,,,,
401,SOUTH-WEST,ETC Kanpur-II,ETD Kanpur-II,132KVKRISHNANAGAR,33KV Krishna Nagar-I,GQQ5249809,T-D,June,2024,0,7631,RING ROAD,12165.28,HARRIS GANJ,KESCO
402,SOUTH-WEST,ETC Kanpur-II,ETD Kanpur-II,132KVKRISHNANAGAR,33KV Ruma,VPC89502,T-D,June,2024,0,2550.1,ROOMA HAL,2550.1,HARRIS GANJ,KESCO
403,SOUTH-WEST,ETC Kanpur-II,ETD Kanpur-II,132KVKRISHNANAGAR,33KV Pokherpur,GQQ5249751,T-D,June,2024,0,7512.3,POKHARPUR,11612.3,JAJMAU,KESCO
404,SOUTH-WEST,ETC Kanpur-II,ETD Kanpur-II,132KVKRISHNANAGAR,33KV Air-Force-I + MES,GQQ5249824,T-D,June,2024,0,2789.08,,,,
405,SOUTH-WEST,ETC Kanpur-II,ETD Kanpur-II,132KVKRISHNANAGAR,33KV Jajmau,GQQ5249750,T-D,June,2024,0,6781.84,CHABILEPURWA,10083.84,JAJMAU,KESCO
406,SOUTH-WEST,ETC Kanpur-II,ETD Kanpur-II,132KVKRISHNANAGAR,33KV HAL-I,KAU08828,T-D,June,2024,0,758.16,,,,
407,SOUTH-WEST,ETC Kanpur-II,ETD Kanpur-II,132KVKRISHNANAGAR,33KV HAL-II,UPP26088,T-D,June,2024,0,234.48,,,,
408,SOUTH-WEST,ETC Kanpur-II,ETD Kanpur-II,132KVKRISHNANAGAR,33KV Krishna Nagar-II,GQQ5249753,T-D,June,2024,0,4534.28,RING ROAD,12165.28,HARRIS GANJ,KESCO
409,SOUTH-WEST,ETC Kanpur-II,ETD Kanpur-II,132KVKRISHNANAGAR,33KV Kanshi Ram Hospital,VPC89500,T-D,June,2024,0,0,,,,
410,SOUTH-WEST,ETC Kanpur-II,ETD Kanpur-II,132KVKRISHNANAGAR,33KV P.A.C,X1215211,T-D,June,2024,0,7621.6,37 PAC,4821.6,DAHELI SUJANPUR,KESCO
411,SOUTH-WEST,ETC Kanpur-II,ETD Kanpur-II,132KVKRISHNANAGAR,33KV Bus coupler -II,7033898,T-D,June,2024,0,0,,,,
412,SOUTH-WEST,ETC Kanpur-II,ETD Kanpur-II,132KVKRISHNANAGAR,33 KV _ GANGA POLLUTION,GQQ5249774,T-D,June,2024,0,1286.08,,,,
413,SOUTH-WEST,ETC Kanpur-II,ETD Kanpur-II,132KVKRISHNANAGAR,33 KV Bus coupler -I,UPC89509,T-D,June,2024,0,0,,,,
414,SOUTH-WEST,ETC Kanpur-II,ETD Kanpur-II,132KVKRISHNANAGAR,33 KV DELHI SUJANPUR NEW,X1484928,T-D,June,2024,0,3716.8,,,,
415,SOUTH-WEST,ETC Kanpur-II,ETD Kanpur-II,132KVKRISHNANAGAR,33 KV AIR FORCE II NEW,X1484839,T-D,June,2024,0,230.8,,,,
416,SOUTH-WEST,ETC Kanpur-II,ETD Kanpur-II,132KVKRISHNANAGAR,33 KV HARISHGANJ,X1484842,T-D,June,2024,0,6785.2,,,,
417,SOUTH-WEST,ETC Kanpur-II,ETD Kanpur-II,132KVKRISHNANAGAR,33 KV JK COTTON,X1215182,T-D,June,2024,0,293.8,,,,
