S.No.,Discom,Zone,Circle,Division,DistributionSub-StationName,NameIncomingFeeder,NameOutgoingFeeder,FeederCode,FeederVoltage,CategoryFeeder,SupplyArea,ProjectArea,MeterMakeType,MeterSlNo,OverallMF,MappedEDD,Status
1,KESCO,KESCO,CIRCLE IV,VIKAS NAGAR,VIKAS NAGAR,INC-2,AZAD CHOWK,51334220086P39,11,OTHER,DISTRICT HQ,DISTRICT HQ,SECURE,UPP51403,1,VIKAS NAGAR,Active
2,KESCO,KESCO,CIRCLE III,HANSPURAM,HANSPURAM,INC-3,AWAS VIKAS,51333610071S42,11,OTHER,DISTRICT HQ,IPDS,SECURE,X2319540,2,HANSPURAM,Active
3,KESCO,KESCO,CIRCLE III,NAUBASTA,PASHUPATI NAGAR,INC-2,NAMAK FACTORY CHAURAHA,51333520069K39,11,OTHER,DISTRICT HQ,IPDS,SECURE,XC2319538,2,NAUBASTA,Active
4,KESCO,KESCO,CIRCLE III,NAUBASTA,PASHUPATI NAGAR,INC-1,RAMJANI CHAURAHA,51333520069K38,11,OTHER,DISTRICT HQ,IPDS,SECURE,X2177909,0.08,NAUBASTA,Active
5,KESCO,KESCO,CIRCLE II,KIDWAI NAGAR,PARAM PURWA SUBSTATION,INC-1,BASANTI NAGAR,NA,11,OTHER,DISTRICT HQ,IPDS,SECURE,Q0940301,0.06,KIDWAI NAGAR,Active
6,KESCO,KESCO,CIRCLE II,DADA NAGAR,POLYMAR,INC-4,KDA,51332110036B65,11,OTHER,DISTRICT HQ,IPDS,SECURE,X2177924,0.08,DADA NAGAR,Active
7,KESCO,KESCO,CIRCLE II,GOVIND NAGAR,E BLOCK GUJAINI,INC-1,ASHOK KALIYA,51332310100U45,11,OTHER,DISTRICT HQ,IPDS,SECURE,X2177926,0.08,GOVIND NAGAR,Active
8,KESCO,KESCO,CIRCLE IV,KALYANPUR,KESHAVPURAM,INC-1,SANTOSHI MATA,51334120085I51,11,OTHER,DISTRICT HQ,IPDS,SECURE,HRT95323,1,KALYANPUR,Active
9,KESCO,KESCO,CIRCLE IV,KALYANPUR,KESHAVPURAM,INC-1,KDMA NEW,51334120085I52,11,OTHER,DISTRICT HQ,IPDS,SECURE,HRT95705,1,KALYANPUR,Active
10,KESCO,KESCO,CIRCLE IV,KALYANPUR,NANKARI,INC-1,HORA BANGARHORA BANGAR,51334110081I17,11,OTHER,DISTRICT HQ,IPDS,SECURE,WBE09985,1,KALYANPUR,Active
11,KESCO,KESCO,CIRCLE III,JAJMAU,POKHARPUR,INC-3,ROYAL COMPOUND,51333320062H47,11,OTHER,DISTRICT HQ,IPDS,SECURE,X1464835,2,JAJMAU,Active
12,KESCO,KESCO,CIRCLE I,PHOOL BAGH,PHOOL BAGH,INC-3,NEW LIC,51331430008M19,11,INDEPENDENT,DISTRICT HQ,URBAN,SECURE,X2145600,0.06,PHOOL BAGH,Active
13,KESCO,KESCO,CIRCLE III,NAUBASTA,BUDHPUR MACHHARIYA,INC-2,SAKRAPUR,51333510068K58,11,OTHER,DISTRICT HQ,URBAN,SECURE,UPP51419,1,NAUBASTA,Active
14,KESCO,KESCO,CIRCLE III,NAUBASTA,BUDHPUR MACHHARIYA,INC-2,SAINIK CHAURAHA,51333510068K56,11,OTHER,DISTRICT HQ,URBAN,SECURE,X2161500,0.08,NAUBASTA,Active
15,KESCO,KESCO,CIRCLE III,NAUBASTA,BUDHPUR MACHHARIYA,INC-2,BAJRANG CHAURAHA,51333510068K57,11,OTHER,DISTRICT HQ,URBAN,SECURE,X2161498,0.08,NAUBASTA,Active
16,KESCO,KESCO,CIRCLE II,PARAG DAIRY,PARAG DAIRY,INC-1,SUSHILA NURSING HOME,NA,11,MIXED ABOVE 25%,DISTRICT HQ,IPDS,LNT,17090506,1,PARAG DAIRY,Active
17,KESCO,KESCO,CIRCLE III,HARRIS GANJ,RING ROAD,INC-2,SHIV SHAMBHU,NA,11,OTHER,DISTRICT HQ,IPDS,SECURE,XC461158,1,HARRIS GANJ,Active
18,KESCO,KESCO,CIRCLE IV,SARVODAYA NAGAR,NAMAK FACTORY,INC-2,INDRESH DEVELOPERS,NA,11,INDEPENDENT,DISTRICT HQ,IPDS,SECURE,HRT95304,1,SARVODAYA NAGAR,Active
19,KESCO,KESCO,CIRCLE IV,VIKAS NAGAR,SINGHPUR,INC-2,PARAS HOSPITAL,NA,11,INDEPENDENT,DISTRICT HQ,IPDS,SECURE,HRT95300,2,VIKAS NAGAR,Active
20,KESCO,KESCO,CIRCLE III,DAHELI SUJANPUR,37 PAC,INC-1,SHRI RAM,NA,11,OTHER,DISTRICT HQ,IPDS,SECURE,XC461186,1,DAHELI SUJANPUR,Active
21,KESCO,KESCO,CIRCLE III,HARRIS GANJ,AHIRWA,INC-1,NEW AIRPORT,51333220105G56,11,INDEPENDENT,DISTRICT HQ,IPDS,SECURE,XB455726,1,HARRIS GANJ,Active
22,KESCO,KESCO,CIRCLE III,JAJMAU,POKHARPUR,INC-2,JAGAI PURWA,51333320062H35,11,OTHER,DISTRICT HQ,IPDS,SECURE,X0692479,1,JAJMAU,Active
23,KESCO,KESCO,CIRCLE I,ALOO MANDI,ALOOMANDI,INC-2,M-113 JHAKAR KATI,51331110032A21,11,MIXED ABOVE 25%,DISTRICT HQ,IPDS,SECURE,UPP51381,2,ALOO MANDI,Active
24,KESCO,KESCO,CIRCLE I,NAWABGANJ,BHAIRO GHAT,INC-2,EMRALD MORNING GLORY,51331310022L22,11,INDEPENDENT,DISTRICT HQ,IPDS,SECURE,X1330017,0.06,NAWABGANJ,Active
25,KESCO,KESCO,CIRCLE IV,RATANPUR,JAWAHARPURAM,INC-1,NEELGIRI,NA,11,MIXED ABOVE 25%,DISTRICT HQ,IPDS,L T,13070794,2,RATANPUR,Active
26,KESCO,KESCO,CIRCLE IV,RATANPUR,SHATABDI NAGAR,INC-1,MAHAVEER NAGAR,NA,11,MIXED ABOVE 25%,DISTRICT HQ,URBAN,SECURE,XB472873,1,RATANPUR,Active
27,KESCO,KESCO,CIRCLE III,HANSPURAM,MANDI SAMITI,INC-2,TAUDAKPUR,51333620072S59,11,OTHER,DISTRICT HQ,IPDS,SECURE,XC479243,0.06,HANSPURAM,Active
28,KESCO,KESCO,CIRCLE III,DAHELI SUJANPUR,KOYLA NAGAR,INC-2,BHEEM CHAURAHA,51333110075C58,11,OTHER,DISTRICT HQ,IPDS,SECURE,X0271235,1,DAHELI SUJANPUR,Active
29,KESCO,KESCO,CIRCLE II,GOVIND NAGAR,DABAULI,INC-1,TPI CASTING,51332310045U14,11,INDEPENDENT,DISTRICT HQ,IPDS,SECURE,X0271296,2,GOVIND NAGAR,Active
30,KESCO,KESCO,CIRCLE IV,RATANPUR,SHATABDI NAGAR,INC-1,KASHIRAM COLONY,NA,11,MIXED ABOVE 25%,DISTRICT HQ,URBAN,SECURE,XE472872,1,RATANPUR,Active
31,KESCO,KESCO,CIRCLE II,GUMTI,FAZAL GANJ,INCOMING-III (G-4),ZAREEB CHAOKI,51332210040F,11,MIXED ABOVE 50%,DISTRICT HQ,IPDS,SECURE,X0271200,1,GUMTI,Active
32,KESCO,KESCO,CIRCLE II,GUMTI,FAZAL GANJ,INC-2,RAILWAY SICK LINE FEEDER,51332210040F42,11,MIXED ABOVE 50%,DISTRICT HQ,IPDS,SECURE,UPP51364,1,GUMTI,Active
33,KESCO,KESCO,CIRCLE II,GUMTI,FAZAL GANJ,INC-1,FAZAL GANJ LOCAL,51332210040F33,11,MIXED ABOVE 50%,DISTRICT HQ,IPDS,SECURE,UPP51429,1,GUMTI,Active
34,KESCO,KESCO,CIRCLE II,GUMTI,GIRDHAR COLD STORAGE,INCOMING-1 (G-1),PUNJAB PAINT,51332210041F47,11,INDUSTRIAL ABOVE 75%,DISTRICT HQ,IPDS,SECURE,WBE13445,1,GUMTI,Active
35,KESCO,KESCO,CIRCLE II,GOVIND NAGAR,VIDYUT COLONY,INC-2,NEW TITU KA DHABA,51332320047U31,11,MIXED ABOVE 25%,DISTRICT HQ,IPDS,SECURE,UPP51445,1,GOVIND NAGAR,Active
36,KESCO,KESCO,CIRCLE II,DADA NAGAR,ISPAT NAGAR,INC-2,G29 NEW ISPAT NAGAR,51332120039B64,11,INDUSTRIAL ABOVE 75%,DISTRICT HQ,IPDS,SECURE,X0271117,1,DADA NAGAR,Active
37,KESCO,KESCO,CIRCLE II,DADA NAGAR,POLYMAR,INC-4,PARLE,51332110036B64,11,INDUSTRIAL ABOVE 75%,DISTRICT HQ,IPDS,SECURE,X1575660,2,DADA NAGAR,Active
38,KESCO,KESCO,CIRCLE II,DADA NAGAR,POLYMAR,INC-3,THUMPS UP,51332110036B23,11,MIXED ABOVE 50%,DISTRICT HQ,IPDS,SECURE,X2249892,1,DADA NAGAR,Active
39,KESCO,KESCO,CIRCLE II,DADA NAGAR,POLYMAR,INC-1,LOHIYA SOLUTION C-3,51332110036B70,11,INDEPENDENT,DISTRICT HQ,IPDS,SECURE,XC479239,0.06,DADA NAGAR,Active
40,KESCO,KESCO,CIRCLE II,DADA NAGAR,POLYMAR,INC-1,H- BLOCK,51332110036B31,11,INDUSTRIAL ABOVE 75%,DISTRICT HQ,IPDS,SECURE,X0049902,2,DADA NAGAR,Active
41,KESCO,KESCO,CIRCLE II,DADA NAGAR,POLYMAR,INC-1,ANCHAL POLY PACK,51332110036B34,11,INDEPENDENT,DISTRICT HQ,IPDS,SECURE,X2249884,1,DADA NAGAR,Active
42,KESCO,KESCO,CIRCLE II,PARAG DAIRY,PARAG DAIRY,INC-2,U-BLOCK FEEDER,51332610046T42,11,MIXED ABOVE 25%,DISTRICT HQ,IPDS,LNT,17087335,1,PARAG DAIRY,Active
43,KESCO,KESCO,CIRCLE II,PARAG DAIRY,PARAG DAIRY,INC-2,KACHCHI BASTI FEEDER,51332610046T43,11,MIXED ABOVE 25%,DISTRICT HQ,IPDS,LNT,17087336,1,PARAG DAIRY,Active
44,KESCO,KESCO,CIRCLE II,PARAG DAIRY,PARAG DAIRY,INC-1,RATANDEEP FEEDER,51332610046T44,11,MIXED ABOVE 25%,DISTRICT HQ,IPDS,LNT,17076595,1,PARAG DAIRY,Active
45,KESCO,KESCO,CIRCLE II,PARAG DAIRY,PARAG DAIRY,INC-1,LAL COLONY FEEDER,51332610046T41,11,MIXED ABOVE 25%,DISTRICT HQ,IPDS,LNT,17161738,1,PARAG DAIRY,Active
46,KESCO,KESCO,CIRCLE II,PARAG DAIRY,GOVIND NAGAR,INC-2,NANDLAL-I,51332610046T23,11,MIXED ABOVE 25%,DISTRICT HQ,IPDS,SECURE,XB455638,1,PARAG DAIRY,Active
47,KESCO,KESCO,CIRCLE IV,RATANPUR,SHATABDI NAGAR,INC-1,STP KAPLI,111112111,11,INDEPENDENT,DISTRICT HQ,URBAN,SECURE,XE472879,1,RATANPUR,Active
48,KESCO,KESCO,CIRCLE IV,RATANPUR,JAWAHARPURAM,INC-2,VRADHASHRAM,51332420050N36,11,MIXED ABOVE 25%,DISTRICT HQ,URBAN,SECURE,X0692090,0.04,RATANPUR,Active
49,KESCO,KESCO,CIRCLE II,DADA NAGAR,MEETA SARAI,INC-2,MEETA SARAI SUB STATION,51332120038B,11,SUBSTATION,DISTRICT HQ,IPDS,SECURE,X0271306,1,DADA NAGAR,Active
50,KESCO,KESCO,CIRCLE II,DADA NAGAR,MEETA SARAI,INC-2,LPG 3,51332120038B33,11,INDUSTRIAL ABOVE 75%,DISTRICT HQ,IPDS,SECURE,X0362110,0.04,DADA NAGAR,Active
51,KESCO,KESCO,CIRCLE II,DADA NAGAR,MEETA SARAI,INC-2,LPG 1,51332120038B29,11,INDUSTRIAL ABOVE 75%,DISTRICT HQ,IPDS,SECURE,X0362109,0.04,DADA NAGAR,Active
52,KESCO,KESCO,CIRCLE II,DADA NAGAR,MEETA SARAI,INC-2,BAJRANGBALI,51332120038B26,11,INDUSTRIAL ABOVE 75%,DISTRICT HQ,IPDS,SECURE,X0362111,0.04,DADA NAGAR,Active
53,KESCO,KESCO,CIRCLE II,DADA NAGAR,MEETA SARAI,INC-1,G 34 MEETA SARAI,51332120038B28,11,INDUSTRIAL ABOVE 75%,DISTRICT HQ,IPDS,SECURE,X0362112,0.08,DADA NAGAR,Active
54,KESCO,KESCO,CIRCLE II,DADA NAGAR,MEETA SARAI,INC-1,G 29 MEETA SARAI,51332120038B19,11,INDUSTRIAL ABOVE 75%,DISTRICT HQ,IPDS,SECURE,X0362205,0.04,DADA NAGAR,Active
55,KESCO,KESCO,CIRCLE II,DADA NAGAR,MEETA SARAI,INC-1,G 27 MEETA SARAI,51332120038B15,11,INDUSTRIAL ABOVE 75%,DISTRICT HQ,IPDS,SECURE,X0362206,0.04,DADA NAGAR,Active
56,KESCO,KESCO,CIRCLE II,GUMTI,FAZAL GANJ,INCOMING-III (G-4),CPWD,51332210040F41,11,MIXED ABOVE 50%,DISTRICT HQ,IPDS,SECURE,HRT95315,0.06,GUMTI,Active
57,KESCO,KESCO,CIRCLE II,WORLD BANK BARRA,GUJAINI,INC-2,SUB STATION FEEDER GUJAINI,51332520053Q22,11,SUBSTATION,DISTRICT HQ,IPDS,SECURE,X0271160,1,WORLD BANK BARRA,InActive
58,KESCO,KESCO,CIRCLE II,DADA NAGAR,DADA NAGAR,INC-3,K D FEEDER,51332110035B60,11,INDUSTRIAL ABOVE 75%,DISTRICT HQ,IPDS,SECURE,X0271136,1,DADA NAGAR,Active
59,KESCO,KESCO,CIRCLE II,DADA NAGAR,DADA NAGAR,INC-3,B-BLOCK,51332110035B17,11,INDUSTRIAL ABOVE 75%,DISTRICT HQ,IPDS,SECURE,X0271171,1,DADA NAGAR,Active
60,KESCO,KESCO,CIRCLE II,DADA NAGAR,DADA NAGAR,INC-3,A-BLOCK,51332110035B12,11,INDUSTRIAL ABOVE 75%,DISTRICT HQ,IPDS,SECURE,X0271182,1,DADA NAGAR,Active
61,KESCO,KESCO,CIRCLE II,DADA NAGAR,DADA NAGAR,INC-4,KAMPU MAIL,51332110035B72,11,INDUSTRIAL ABOVE 75%,DISTRICT HQ,IPDS,SECURE,X1464829,2,DADA NAGAR,Active
62,KESCO,KESCO,CIRCLE II,DADA NAGAR,ISPAT NAGAR,INC-1,MTC NEW,51332120039B67,11,INDUSTRIAL ABOVE 75%,DISTRICT HQ,IPDS,SECURE,X0271174,1,DADA NAGAR,Active
63,KESCO,KESCO,CIRCLE I,ZAREEB CHOUKI,JAWAHAR NAGAR,INC-2,GURUDWARA,51331520029R21,11,MIXED ABOVE 25%,DISTRICT HQ,IPDS,SECURE,WBE13467,2,ZAREEB CHOUKI,Active
64,KESCO,KESCO,CIRCLE I,ZAREEB CHOUKI,JAWAHAR NAGAR,INC-1,JAWAHAR NAGAR SUBSTATION,51331520029R23,11,SUBSTATION,DISTRICT HQ,IPDS,SECURE,WBE13464,2,ZAREEB CHOUKI,InActive
65,KESCO,KESCO,CIRCLE I,PHOOL BAGH,GHANTA GHAR,INC-1,BERIWAL,51331410016M63,11,MIXED ABOVE 25%,DISTRICT HQ,IPDS,SECURE,X0038636,0.06,PHOOL BAGH,Active
66,KESCO,KESCO,CIRCLE I,PHOOL BAGH,JHADI BABA,INC-1,JHADI BABA SUB STATION FEEDER,51331430014M44,11,SUBSTATION,DISTRICT HQ,IPDS,SECURE,WBE13476,1.5,PHOOL BAGH,InActive
67,KESCO,KESCO,CIRCLE I,PHOOL BAGH,JHADI BABA,INC-1,CIRCUIT HOUSE,51331430014M42,11,MIXED ABOVE 25%,DISTRICT HQ,IPDS,SECURE,WBE13478,1.5,PHOOL BAGH,Active
68,KESCO,KESCO,CIRCLE I,PHOOL BAGH,RBI,INC-2,RBI COLONY FEEDER,51331430013M21,11,MIXED ABOVE 25%,DISTRICT HQ,IPDS,SECURE,X2145585,0.06,PHOOL BAGH,Active
69,KESCO,KESCO,CIRCLE I,PHOOL BAGH,RBI,INC-1,RBI SUBSTATION FEEDER,51331430013M23,11,SUBSTATION,DISTRICT HQ,IPDS,SECURE,X2145539,0.06,PHOOL BAGH,InActive
70,KESCO,KESCO,CIRCLE I,NAWABGANJ,CSA,INC-1,SUBSTATION,51331310098L29,11,SUBSTATION,DISTRICT HQ,IPDS,SECURE,X0361788,0.06,NAWABGANJ,InActive
71,KESCO,KESCO,CIRCLE I,NAWABGANJ,BENAJHABER,INC-1,NURSING HOME,51331320025L73,11,MIXED ABOVE 25%,DISTRICT HQ,IPDS,SECURE,X1329639,0.04,NAWABGANJ,Active
72,KESCO,KESCO,CIRCLE I,NAWABGANJ,ZOO,INC-1,SUB STATION,51331310020L53,11,SUBSTATION,DISTRICT HQ,IPDS,SECURE,WBE13443,1,NAWABGANJ,InActive
73,KESCO,KESCO,CIRCLE I,ELECTRICITY HOUSE,MUIR MILL,INC-2,MUIR MILL SUBSTATION FEEDER,51331220005D46,11,SUBSTATION,DISTRICT HQ,IPDS,SECURE,XB455683,1,ELECTRICITY HOUSE,InActive
74,KESCO,KESCO,CIRCLE I,ELECTRICITY HOUSE,MALL ROAD,INC-1,MALL ROAD SUBSTATION FEEDER,51331210003D42,11,SUBSTATION,DISTRICT HQ,IPDS,SECURE,XB455735,1,ELECTRICITY HOUSE,InActive
75,KESCO,KESCO,CIRCLE I,ELECTRICITY HOUSE,MALL ROAD,INC-1,BIJLI GHAR SUBSTATION FEEDER,51331210003D43,11,SUBSTATION,DISTRICT HQ,IPDS,SECURE,XB455701,1,ELECTRICITY HOUSE,InActive
76,KESCO,KESCO,CIRCLE III,HANSPURAM,HANSPURAM,INC-3,BAUDHYA NAGAR -I,51333610071S40,11,OTHER,DISTRICT HQ,IPDS,SECURE,XB455626,1,HANSPURAM,Active
77,KESCO,KESCO,CIRCLE IV,RATANPUR,JAWAHARPURAM,INC-1,JAWAHARPURAM SUBSTATION FEEDER,51332420050N32,11,SUBSTATION,DISTRICT HQ,IPDS,SECURE,X0361991,0.04,RATANPUR,Active
78,KESCO,KESCO,CIRCLE IV,KALYANPUR,KALYANPUR,INC-1,NEW AVAS VIKAS I NO,51334110079I22,11,MIXED ABOVE 25%,DISTRICT HQ,IPDS,SECURE,XB455710,1,KALYANPUR,Active
79,KESCO,KESCO,CIRCLE IV,RATANPUR,SHASTRI NAGAR,INC-1,SHASTRI NAGAR SUBSTATION FEEDER,51332410048N30,11,SUBSTATION,DISTRICT HQ,IPDS,SECURE,X0271109,1,RATANPUR,Active
80,KESCO,KESCO,CIRCLE IV,RATANPUR,RATANPUR,INC-2,RATANPUR SUBSTATION FEEDER,51332420049N31,11,SUBSTATION,DISTRICT HQ,IPDS,SECURE,XC461169,1,RATANPUR,Active
81,KESCO,KESCO,CIRCLE IV,RATANPUR,B BLOCK PANKI,INC-1,B BLOCK PANKI SUBSTATION FEEDER,51332420051N33,11,SUBSTATION,DISTRICT HQ,IPDS,SECURE,UPP51416,1,RATANPUR,Active
82,KESCO,KESCO,CIRCLE IV,KALYANPUR,MAHABALIPURAM,INC-1,MAHABALIPURAM SUBSTATION FEEDER,51334120083I34,11,SUBSTATION,DISTRICT HQ,IPDS,SECURE,X0692298,0.04,KALYANPUR,Active
83,KESCO,KESCO,CIRCLE IV,KALYANPUR,KESHAVPURAM,INC-1,KESHAVPURAM SUBSTATION FEEDER,51334120085I32,11,SUBSTATION,DISTRICT HQ,IPDS,SECURE,XC408463,1,KALYANPUR,Active
84,KESCO,KESCO,CIRCLE IV,KALYANPUR,KALYANPUR,INC-1,KALYANPUR SUBSTATION FEEDER,51334110079I27,11,SUBSTATION,DISTRICT HQ,IPDS,SECURE,XB455680,1,KALYANPUR,Active
85,KESCO,KESCO,CIRCLE IV,KALYANPUR,BARA SIROHI,INC-1,BARA SIROHI SUBSTATION FEEDER,51334110101I44,11,SUBSTATION,DISTRICT HQ,IPDS,SECURE,X0271260,2,KALYANPUR,Active
86,KESCO,KESCO,CIRCLE IV,KALYANPUR,AMBEDKARPURAM,INC-1,AMBEDKARPURAM SUBSTATION FEEDER,51334110082I39,11,SUBSTATION,DISTRICT HQ,IPDS,SECURE,X0271222,1,KALYANPUR,Active
87,KESCO,KESCO,CIRCLE IV,SARVODAYA NAGAR,SARVODAYA NAGAR,INC-1,SARVODAYA NAGAR SUBSTATION FEEDER,51334320094O14,11,SUBSTATION,DISTRICT HQ,IPDS,SECURE,X1329597,0.04,SARVODAYA NAGAR,Active
88,KESCO,KESCO,CIRCLE IV,SARVODAYA NAGAR,RTO,INC-1,RTO SUBSTATION FEEDER,51334310092O27,11,SUBSTATION,DISTRICT HQ,IPDS,SECURE,X0038760,0.04,SARVODAYA NAGAR,Active
89,KESCO,KESCO,CIRCLE IV,SARVODAYA NAGAR,NAVEEN NAGAR,INC-1,NAVEEN NAGAR SUBSTATION FEEDER,51334310091O23,11,SUBSTATION,DISTRICT HQ,IPDS,SECURE,X0271218,1,SARVODAYA NAGAR,Active
90,KESCO,KESCO,CIRCLE IV,SARVODAYA NAGAR,NAMAK FACTORY,INC-2,RADHA VIHAR,51334320095O38,11,MIXED ABOVE 25%,DISTRICT HQ,IPDS,SECURE,X0271229,1,SARVODAYA NAGAR,Active
91,KESCO,KESCO,CIRCLE IV,SARVODAYA NAGAR,NAMAK FACTORY,INC-1,NAMAK FACTORY SUBSTATION FEEDER,51334320095O33,11,SUBSTATION,DISTRICT HQ,IPDS,SECURE,UPP51388,1,SARVODAYA NAGAR,Active
92,KESCO,KESCO,CIRCLE IV,VIKAS NAGAR,SINGHPUR,INC-1,SINGHPUR SUBSTATION,51334210089P50,11,SUBSTATION,DISTRICT HQ,IPDS,SECURE,XB455679,1,VIKAS NAGAR,Active
93,KESCO,KESCO,CIRCLE IV,VIKAS NAGAR,VIKAS NAGAR,INC-1,VIKAS NAGAR SUBSTATION,51334220086P46,11,SUBSTATION,DISTRICT HQ,IPDS,SECURE,UPP51415,1,VIKAS NAGAR,Active
94,KESCO,KESCO,CIRCLE IV,KALYANPUR,BARA SIROHI,INC-2,RATAN PROANAMA,51334110101I48,11,MIXED ABOVE 25%,DISTRICT HQ,IPDS,SECURE,XC459454,0.04,KALYANPUR,Active
95,KESCO,KESCO,CIRCLE IV,VIKAS NAGAR,SINGHPUR,INC-2,GULMOHAR GREENS,51334210089P48,11,INDEPENDENT,OTHERS,RURAL,SECURE,X0370876,0.008,VIKAS NAGAR,Active
96,KESCO,KESCO,CIRCLE II,DADA NAGAR,ISPAT NAGAR,INC-1,NAMAMI GANGE,51332120039B71,11,INDEPENDENT,DISTRICT HQ,IPDS,SECURE,HRT95560,1,DADA NAGAR,Active
97,KESCO,KESCO,CIRCLE III,HANSPURAM,MANDI SAMITI,INC-2,ARRA,51333620072S51,11,OTHER,DISTRICT HQ,IPDS,LNT,17136640,1,HANSPURAM,Active
98,KESCO,KESCO,CIRCLE IV,VIKAS NAGAR,SINGHPUR,INC-2,15MLD-II,51334210089P59,11,INDEPENDENT,DISTRICT HQ,IPDS,SECURE,XB455703,1,VIKAS NAGAR,Active
99,KESCO,KESCO,CIRCLE IV,VIKAS NAGAR,KESA COLONY,KESA COLONY INCOMER NO. 1,KHYORA,51334220099P40,11,MIXED ABOVE 25%,DISTRICT HQ,IPDS,SECURE,X0271149,1,VIKAS NAGAR,Active
100,KESCO,KESCO,CIRCLE III,DAHELI SUJANPUR,KOYLA NAGAR,INC-1,SWARAN JAYNTI VIAHR,51333110075C20,11,OTHER,DISTRICT HQ,IPDS,SECURE,X0271233,1,DAHELI SUJANPUR,Active
101,KESCO,KESCO,CIRCLE III,DAHELI SUJANPUR,KOYLA NAGAR,INC-1,KOYLA NAGAR CHAUKI FEEDER,51333110075C47,11,OTHER,DISTRICT HQ,IPDS,SECURE,X0271190,1,DAHELI SUJANPUR,Active
102,KESCO,KESCO,CIRCLE III,NAUBASTA,BUDHPUR MACHHARIYA,INC-1,ROAD SITE,51333510068K61,11,OTHER,DISTRICT HQ,IPDS,SECURE,UPP51421,2,NAUBASTA,Active
103,KESCO,KESCO,CIRCLE III,HARRIS GANJ,ROOMA HAL,INC-1,PATEL NAGAR,51333220055G27,11,OTHER,DISTRICT HQ,IPDS,SECURE,XB455647,2,HARRIS GANJ,Active
104,KESCO,KESCO,CIRCLE III,HARRIS GANJ,RING ROAD,INC-1,MES,51333220056G34,11,INDEPENDENT,DISTRICT HQ,IPDS,SECURE,XC461167,1,HARRIS GANJ,Active
105,KESCO,KESCO,CIRCLE III,HARRIS GANJ,HARISH GANJ,INC-3,TRIVENI NAGAR,51333210057G15,11,OTHER,DISTRICT HQ,IPDS,SECURE,UPP51386,1,HARRIS GANJ,Active
106,KESCO,KESCO,CIRCLE III,HARRIS GANJ,HARISH GANJ,INC-1,TAT MILL,51333210057G16,11,OTHER,DISTRICT HQ,IPDS,SECURE,XC461193,1,HARRIS GANJ,Active
107,KESCO,KESCO,CIRCLE II,KIDWAI NAGAR,40 DUKAN,INC-1,HANUMAN MANDIR,51333420066J20,11,MIXED ABOVE 25%,DISTRICT HQ,IPDS,SECURE,X2249886,1,KIDWAI NAGAR,Active
108,KESCO,KESCO,CIRCLE II,GOVIND NAGAR,VIDYUT COLONY,INC-2,VIDYUT COLONY,51332320047U38,11,MIXED ABOVE 25%,DISTRICT HQ,IPDS,SECURE,UMV88104,1,GOVIND NAGAR,Active
109,KESCO,KESCO,CIRCLE IV,SARVODAYA NAGAR,NAVEEN NAGAR,INC-2,M BLOCK,51334310091O19,11,MIXED ABOVE 25%,DISTRICT HQ,IPDS,SECURE,XC479242,0.06,SARVODAYA NAGAR,Active
110,KESCO,KESCO,CIRCLE IV,RATANPUR,SHASTRI NAGAR,INC-1,UNCHAPARK ZPS,51332410048N29,11,OTHER,DISTRICT HQ,IPDS,SECURE,X0271217,1,RATANPUR,Active
111,KESCO,KESCO,CIRCLE IV,RATANPUR,SHASTRI NAGAR,INC-1,CENTRAL PARK,51332410048N18,11,MIXED ABOVE 25%,DISTRICT HQ,IPDS,SECURE,X0271231,1,RATANPUR,Active
112,KESCO,KESCO,CIRCLE IV,RATANPUR,RATANPUR,INC-2,NEW RATANPUR,51332420049N26,11,MIXED ABOVE 25%,DISTRICT HQ,IPDS,SECURE,XC408467,1,RATANPUR,Active
113,KESCO,KESCO,CIRCLE II,GUMTI,FAZAL GANJ,INC-1,GOLD SPOT,51332210040F38,11,MIXED ABOVE 50%,DISTRICT HQ,IPDS,SECURE,UPP51365,1,GUMTI,Active
114,KESCO,KESCO,CIRCLE I,PHOOL BAGH,CHHAPER,INC-1,HALSI ROAD,51331420007M94,11,MIXED ABOVE 25%,DISTRICT HQ,IPDS,SECURE,XB455711,1,PHOOL BAGH,Active
115,KESCO,KESCO,CIRCLE I,PHOOL BAGH,PHOOL BAGH,INC-2,CANTT,51331430008M18,11,MIXED ABOVE 25%,DISTRICT HQ,IPDS,SECURE,X1329474,0.06,PHOOL BAGH,Active
116,KESCO,KESCO,CIRCLE I,PHOOL BAGH,PHOOL BAGH,INC-1,GANESH UDHAN JAL SANSTHAN,51331430008M12,11,MIXED ABOVE 25%,DISTRICT HQ,IPDS,SECURE,UPP51406,3,PHOOL BAGH,Active
117,KESCO,KESCO,CIRCLE IV,KALYANPUR,KALYANPUR,INC-3,GOOVA GARDEN,51334110079I26,11,MIXED ABOVE 25%,DISTRICT HQ,IPDS,SECURE,XB456725,1,KALYANPUR,Active
118,KESCO,KESCO,CIRCLE I,NAWABGANJ,COMPANY BAGH,INC-1,NAWAB GANJ,51331310021L33,11,MIXED ABOVE 25%,DISTRICT HQ,IPDS,SECURE,XB455685,1,NAWABGANJ,Active
119,KESCO,KESCO,CIRCLE I,NAWABGANJ,B.S.PARK,INC-2,KDA,51331320024L68,11,MIXED ABOVE 25%,DISTRICT HQ,IPDS,SECURE,50010443,0.06,NAWABGANJ,Active
120,KESCO,KESCO,CIRCLE I,NAWABGANJ,BHAIRO GHAT,INC-1,RAJEEV PETROL PUMP,51331310022L21,11,MIXED ABOVE 25%,DISTRICT HQ,IPDS,SECURE,X1330015,0.06,NAWABGANJ,Active
121,KESCO,KESCO,CIRCLE I,ELECTRICITY HOUSE,GIC,INC-2,LAKAR MANDI,51331210002D11,11,MIXED ABOVE 25%,DISTRICT HQ,IPDS,SECURE,X0362271,0.06,ELECTRICITY HOUSE,Active
122,KESCO,KESCO,CIRCLE I,ELECTRICITY HOUSE,RPH OLD GWAL TOLI,INC-1,SUTER GANJ,51331230001D15,11,MIXED ABOVE 25%,DISTRICT HQ,IPDS,SECURE,XB455730,1.5,ELECTRICITY HOUSE,Active
123,KESCO,KESCO,CIRCLE I,ALOO MANDI,ALOOMANDI,INC-2,ELGIN,51331110032A18,11,MIXED ABOVE 25%,DISTRICT HQ,IPDS,SECURE,UPP51366,2,ALOO MANDI,Active
124,KESCO,KESCO,CIRCLE I,ALOO MANDI,ALOOMANDI,INC-2,M-18B BANS MANDI,51331110032A11,11,MIXED ABOVE 25%,DISTRICT HQ,IPDS,SECURE,UPP51361,2,ALOO MANDI,Active
125,KESCO,KESCO,CIRCLE I,ALOO MANDI,ALOOMANDI,INC-1,MANJUSHREE,51331110032A29,11,MIXED ABOVE 25%,DISTRICT HQ,IPDS,SECURE,X0692299,0.06,ALOO MANDI,Active
126,KESCO,KESCO,CIRCLE III,NAUBASTA,K BLOCK,INC-1,PANCHSHEEL,51333520070K46,11,OTHER,DISTRICT HQ,IPDS,SECURE,UPP51399,2,NAUBASTA,Active
127,KESCO,KESCO,CIRCLE III,HARRIS GANJ,ROOMA UPSIDC,INC-1,TIRANGA FACTORY,51333220058G29,11,INDUSTRIAL ABOVE 75%,DISTRICT HQ,IPDS,SECURE,X0271221,1,HARRIS GANJ,Active
128,KESCO,KESCO,CIRCLE III,HARRIS GANJ,RING ROAD,INC-3,RAMA DEVI,51333220056G19,11,OTHER,DISTRICT HQ,IPDS,SECURE,XC461182,1,HARRIS GANJ,Active
129,KESCO,KESCO,CIRCLE II,GOVIND NAGAR,DABAULI,INC-2,OLD GUJAINI,51332310045U16,11,MIXED ABOVE 25%,DISTRICT HQ,IPDS,SECURE,X0271247,1,GOVIND NAGAR,Active
130,KESCO,KESCO,CIRCLE IV,SARVODAYA NAGAR,NAMAK FACTORY,INC-1,ALISHAN FEEDER,51334320095O34,11,MIXED ABOVE 25%,DISTRICT HQ,IPDS,SECURE,UPP51400,2,SARVODAYA NAGAR,Active
131,KESCO,KESCO,CIRCLE IV,SARVODAYA NAGAR,NAVEEN NAGAR,INC-2,SWARAJ INDIA,51334310091O20,11,MIXED ABOVE 25%,DISTRICT HQ,IPDS,SECURE,XC479240,0.06,SARVODAYA NAGAR,Active
132,KESCO,KESCO,CIRCLE IV,RATANPUR,B BLOCK PANKI,INC-2,INDIAN OIL PANKI,51332420051N12,11,MIXED ABOVE 25%,DISTRICT HQ,IPDS,SECURE,UPP51389,1,RATANPUR,Active
133,KESCO,KESCO,CIRCLE II,GUMTI,FAZAL GANJ,INCOMING-III (G-4),AMAR UJALA FEEDER,51332210040F43,11,MIXED ABOVE 50%,DISTRICT HQ,IPDS,SECURE,UPP51380,1,GUMTI,Active
134,KESCO,KESCO,CIRCLE I,ZAREEB CHOUKI,CHAMAN GAHNJ,INC-1,THANA FEEDER,51331510030R13,11,MIXED ABOVE 25%,DISTRICT HQ,IPDS,SECURE,X1330382,0.06,ZAREEB CHOUKI,Active
135,KESCO,KESCO,CIRCLE I,PHOOL BAGH,RBI,INC-1,UHM,51331430013M24,11,MIXED ABOVE 25%,DISTRICT HQ,IPDS,SECURE,X2145599,0.06,PHOOL BAGH,Active
136,KESCO,KESCO,CIRCLE I,PHOOL BAGH,KHAS BAZAR,INC-1,KAHU KOTHI,51331420006M82,11,MIXED ABOVE 25%,DISTRICT HQ,IPDS,SECURE,X1329906,0.12,PHOOL BAGH,Active
137,KESCO,KESCO,CIRCLE I,PHOOL BAGH,KHAS BAZAR,INC-1,KAMLA TOWER,51331420006M80,11,MIXED ABOVE 25%,DISTRICT HQ,IPDS,SECURE,X1329907,0.06,PHOOL BAGH,Active
138,KESCO,KESCO,CIRCLE I,PHOOL BAGH,DAL MANDI,INC-1,HOOLA GANJ,51331410015M56,11,MIXED ABOVE 25%,DISTRICT HQ,IPDS,SECURE,XB455650,1,PHOOL BAGH,Active
139,KESCO,KESCO,CIRCLE I,ELECTRICITY HOUSE,MUIR MILL,INC-1,KAN CHAMBER,51331220005D32,11,MIXED ABOVE 25%,DISTRICT HQ,IPDS,SECURE,XB455627,1,ELECTRICITY HOUSE,Active
140,KESCO,KESCO,CIRCLE I,ELECTRICITY HOUSE,CYCLE MARKET,INC-2,BACON GANJ,51331210003D23,11,MIXED ABOVE 25%,DISTRICT HQ,IPDS,SECURE,WBE13489,2,ELECTRICITY HOUSE,Active
141,KESCO,KESCO,CIRCLE III,HANSPURAM,MANDI SAMITI,INC-1,BINGAWA,51333620072S43,11,OTHER,DISTRICT HQ,IPDS,LNT,17136646,1,HANSPURAM,Active
142,KESCO,KESCO,CIRCLE IV,VIKAS NAGAR,KESA COLONY,KESA COLONY INCOMER NO. 1,KESA COLONY,51334220099P45,11,OTHER,DISTRICT HQ,IPDS,SECURE,X0271213,1,VIKAS NAGAR,Active
143,KESCO,KESCO,CIRCLE IV,VIKAS NAGAR,VIKAS NAGAR,INC-1,UNIVERSITY,51334220086P38,11,MIXED ABOVE 25%,DISTRICT HQ,IPDS,SECURE,UPP51412,2,VIKAS NAGAR,Active
144,KESCO,KESCO,CIRCLE III,DAHELI SUJANPUR,SUJAT GANJ,INC-1,CHANDARI,51333120078C18,11,OTHER,DISTRICT HQ,IPDS,SECURE,UPP51428,1,DAHELI SUJANPUR,Active
145,KESCO,KESCO,CIRCLE III,JAJMAU,WAZIDPUR,INC-1,DARGAH SARIF,51333310061H50,11,MIXED ABOVE 25%,DISTRICT HQ,IPDS,SECURE,XB455641,1,JAJMAU,Active
146,KESCO,KESCO,CIRCLE III,JAJMAU,CHABILEPURWA,INC-2,SEETLA BAZAR,51333310059H53,11,MIXED ABOVE 25%,DISTRICT HQ,IPDS,SECURE,HRT95318,2,JAJMAU,Active
147,KESCO,KESCO,CIRCLE III,DAHELI SUJANPUR,37 PAC,INC-1,PAC,51333110096C53,11,OTHER,DISTRICT HQ,IPDS,SECURE,XC461205,1,DAHELI SUJANPUR,Active
148,KESCO,KESCO,CIRCLE III,NAUBASTA,BUDHPUR MACHHARIYA,INC-2,PAPPU TENT HOUSE,51333510068K55,11,OTHER,DISTRICT HQ,IPDS,SECURE,UPP51433,2,NAUBASTA,Active
149,KESCO,KESCO,CIRCLE III,NAUBASTA,PASHUPATI NAGAR,INC-1,PASHUPATI NAGAR 1,51333520069K35,11,OTHER,DISTRICT HQ,IPDS,SECURE,XC461175,1,NAUBASTA,Active
150,KESCO,KESCO,CIRCLE III,NAUBASTA,NAUBASTA,INC-3,BARA DEVI,51333510067K32,11,OTHER,DISTRICT HQ,IPDS,LNT,17090469,1,NAUBASTA,Active
151,KESCO,KESCO,CIRCLE III,NAUBASTA,NAUBASTA,INC-2,NIRALA NAGAR - 2,51333510067K29,11,OTHER,DISTRICT HQ,IPDS,LNT,17111284,1,NAUBASTA,Active
152,KESCO,KESCO,CIRCLE III,NAUBASTA,NAUBASTA,INC-2,NIRALA NAGAR -I,51333510067K28,11,OTHER,DISTRICT HQ,IPDS,LNT,17090467,1,NAUBASTA,Active
153,KESCO,KESCO,CIRCLE III,HARRIS GANJ,HARISH GANJ,INC-2,BUNKAR,51333210057G10,11,OTHER,DISTRICT HQ,IPDS,SECURE,X0271206,1,HARRIS GANJ,Active
154,KESCO,KESCO,CIRCLE III,JAJMAU,POKHARPUR,INC-1,OMPURWA,51333320062H46,11,OTHER,DISTRICT HQ,IPDS,SECURE,WBE13484,1,JAJMAU,Active
155,KESCO,KESCO,CIRCLE III,JAJMAU,WAZIDPUR,INC-1,SHIDDHA NATH GHAT,51333310061H51,11,MIXED ABOVE 50%,DISTRICT HQ,IPDS,SECURE,XB455633,1,JAJMAU,Active
156,KESCO,KESCO,CIRCLE III,JAJMAU,CHABILEPURWA,INC-1,TARBAGIA,51333310059H41,11,OTHER,DISTRICT HQ,IPDS,SECURE,HRT95317,2,JAJMAU,Active
157,KESCO,KESCO,CIRCLE II,WORLD BANK BARRA,KARRAHI,INC-2,FATTEPUR,51332510104Q31,11,MIXED ABOVE 25%,DISTRICT HQ,IPDS,SECURE,X1329746,0.06,WORLD BANK BARRA,Active
158,KESCO,KESCO,CIRCLE II,DADA NAGAR,POLYMAR,INC-4,UPTRON,51332110036B39,11,INDUSTRIAL ABOVE 75%,DISTRICT HQ,IPDS,SECURE,X1575662,2,DADA NAGAR,Active
159,KESCO,KESCO,CIRCLE II,DADA NAGAR,UDYOG KUNJ,INC-1,CANAL,51332110037B40,11,INDUSTRIAL ABOVE 75%,DISTRICT HQ,IPDS,SECURE,UMV87973,2,DADA NAGAR,Active
160,KESCO,KESCO,CIRCLE II,DADA NAGAR,DADA NAGAR,INC-1,DABAULI WEST,51332110035B22,11,MIXED ABOVE 25%,DISTRICT HQ,IPDS,SECURE,HRT95319,2,DADA NAGAR,Active
161,KESCO,KESCO,CIRCLE IV,SARVODAYA NAGAR,RTO,INC-1,REGENCY,51334310092O26,11,OTHER,DISTRICT HQ,IPDS,SECURE,X0038654,0.04,SARVODAYA NAGAR,Active
162,KESCO,KESCO,CIRCLE IV,RATANPUR,SHASTRI NAGAR,INC-2,CHAIN FACTORY,51332410048N20,11,MIXED ABOVE 25%,DISTRICT HQ,IPDS,SECURE,X0271181,1,RATANPUR,Active
163,KESCO,KESCO,CIRCLE II,GUMTI,DARSHANPURWA,INC-1,SANT NAGAR TEL.PH. EXCHANGE,51332220042F28,11,MIXED ABOVE 50%,DISTRICT HQ,IPDS,SECURE,X0271127,1,GUMTI,Active
164,KESCO,KESCO,CIRCLE I,ZAREEB CHOUKI,JAWAHAR NAGAR,INC-2,VIVEKANAND,51331520029R20,11,MIXED ABOVE 25%,DISTRICT HQ,IPDS,SECURE,WBE13465,2,ZAREEB CHOUKI,Active
165,KESCO,KESCO,CIRCLE I,ZAREEB CHOUKI,ZAREEB CHOUKI,INC-2,LENIN PARK,51331510028R17,11,MIXED ABOVE 25%,DISTRICT HQ,IPDS,SECURE,XB455702,1,ZAREEB CHOUKI,Active
166,KESCO,KESCO,CIRCLE I,PHOOL BAGH,SARSIAYA GHAT,INC-2,SSP OFFICE,51331430011M35,11,MIXED ABOVE 25%,DISTRICT HQ,IPDS,SECURE,UPP51426,1.5,PHOOL BAGH,Active
167,KESCO,KESCO,CIRCLE I,PHOOL BAGH,GHANTA GHAR,INC-1,EXPRESS ROAD,51331410016M61,11,MIXED ABOVE 25%,DISTRICT HQ,IPDS,SECURE,UPP51378,1,PHOOL BAGH,Active
168,KESCO,KESCO,CIRCLE I,PHOOL BAGH,SARSIAYA GHAT,INC-1,KACHAHARI,51331430011M33,11,MIXED ABOVE 25%,DISTRICT HQ,IPDS,SECURE,UPP51384,1,PHOOL BAGH,Active
169,KESCO,KESCO,CIRCLE IV,KALYANPUR,AMBEDKARPURAM,INC-2,LIC COLONY,51334110082I29,11,INDEPENDENT,DISTRICT HQ,IPDS,SECURE,X0271122,1,KALYANPUR,Active
170,KESCO,KESCO,CIRCLE I,NAWABGANJ,B.S.PARK,INC-3,KHALASI LINE,51331320024L66,11,MIXED ABOVE 25%,DISTRICT HQ,IPDS,SECURE,XB455631,1,NAWABGANJ,Active
171,KESCO,KESCO,CIRCLE II,KIDWAI NAGAR,PARAM PURWA SUBSTATION,INC-1,PARAM PURWA,51332610046T26,11,MIXED ABOVE 25%,DISTRICT HQ,IPDS,SECURE,X0271153,1,KIDWAI NAGAR,Active
172,KESCO,KESCO,CIRCLE II,WORLD BANK BARRA,GUJAINI,INC-2,CPWD,51332520053Q18,11,MIXED ABOVE 25%,DISTRICT HQ,IPDS,SECURE,X0271166,1,WORLD BANK BARRA,Active
173,KESCO,KESCO,CIRCLE II,WORLD BANK BARRA,WORLD BANK BARRA,INC-3,DAMODAR NAGAR 2,51332510052Q28,11,MIXED ABOVE 25%,DISTRICT HQ,IPDS,SECURE,X0271138,1,WORLD BANK BARRA,Active
174,KESCO,KESCO,CIRCLE II,GOVIND NAGAR,VIDYUT COLONY,INC-1,MALIKPURAM,51332320047U34,11,MIXED ABOVE 25%,DISTRICT HQ,IPDS,SECURE,UPP51444,1,GOVIND NAGAR,Active
175,KESCO,KESCO,CIRCLE II,DADA NAGAR,DADA NAGAR,INC-1,COOPERATIVE ESTATE,51332110035B32,11,INDUSTRIAL ABOVE 75%,DISTRICT HQ,IPDS,SECURE,HRT95297,2,DADA NAGAR,Active
176,KESCO,KESCO,CIRCLE IV,SARVODAYA NAGAR,SARVODAYA NAGAR,INC-2,SHARDA NAGAR,51334320094O17,11,MIXED ABOVE 25%,DISTRICT HQ,IPDS,SECURE,X1330087,0.04,SARVODAYA NAGAR,Active
177,KESCO,KESCO,CIRCLE IV,RATANPUR,B BLOCK PANKI,INC-2,PANKI MANDIR PS,51332420051N17,11,MIXED ABOVE 25%,DISTRICT HQ,IPDS,SECURE,UPP51439,1,RATANPUR,Active
178,KESCO,KESCO,CIRCLE IV,RATANPUR,SHASTRI NAGAR,INC-2,DUS DUKAN,51332410048N19,11,MIXED ABOVE 25%,DISTRICT HQ,IPDS,SECURE,X0271230,1,RATANPUR,Active
179,KESCO,KESCO,CIRCLE II,GUMTI,DARSHANPURWA,INC-1,HANUMAN PARK,51332220042F44,11,MIXED ABOVE 25%,DISTRICT HQ,IPDS,SECURE,X0271108,1,GUMTI,Active
180,KESCO,KESCO,CIRCLE I,PHOOL BAGH,DAL MANDI,INC-2,DAL MANDI,51331410015M58,11,MIXED ABOVE 25%,DISTRICT HQ,IPDS,SECURE,XB455637,1,PHOOL BAGH,Active
181,KESCO,KESCO,CIRCLE I,PHOOL BAGH,DAL MANDI,INC-1,MEDICAL MARKET,51331410015M59,11,MIXED ABOVE 25%,DISTRICT HQ,IPDS,SECURE,XB455657,1,PHOOL BAGH,Active
182,KESCO,KESCO,CIRCLE IV,KALYANPUR,NANKARI,INC-1,BARA SIROHI,51334110081I14,11,MIXED ABOVE 25%,DISTRICT HQ,IPDS,SECURE,X1330085,0.04,KALYANPUR,Active
183,KESCO,KESCO,CIRCLE IV,KALYANPUR,NANKARI,INC-1,NANKARI,51334110081I16,11,MIXED ABOVE 25%,DISTRICT HQ,IPDS,SECURE,X1329578,0.08,KALYANPUR,Active
184,KESCO,KESCO,CIRCLE IV,KALYANPUR,KESHAVPURAM,INC-2,GAJODHAR PARK,51334120085I23,11,MIXED ABOVE 25%,DISTRICT HQ,IPDS,SECURE,X0271187,1,KALYANPUR,Active
185,KESCO,KESCO,CIRCLE I,NAWABGANJ,BENAJHABER,INC-1,GEETA PARK,51331320026L76,11,MIXED ABOVE 25%,DISTRICT HQ,IPDS,SECURE,WBE13448,1,NAWABGANJ,Active
186,KESCO,KESCO,CIRCLE I,NAWABGANJ,GANGA BAIRAJ,INC-2,GANGA BAIRAJ,51331310019L41,11,MIXED ABOVE 25%,DISTRICT HQ,IPDS,SECURE,X1330362,0.04,NAWABGANJ,Active
187,KESCO,KESCO,CIRCLE I,ELECTRICITY HOUSE,GIC,INC-2,SISAMAU,51331210004D20,11,MIXED ABOVE 25%,DISTRICT HQ,IPDS,SECURE,X0362137,0.06,ELECTRICITY HOUSE,Active
188,KESCO,KESCO,CIRCLE I,ELECTRICITY HOUSE,CYCLE MARKET,INC-2,DADA MIYAN,51331210002D12,11,MIXED ABOVE 25%,TEHSIL HQ,IPDS,SECURE,WBE13441,2,ELECTRICITY HOUSE,Active
189,KESCO,KESCO,CIRCLE I,ELECTRICITY HOUSE,CYCLE MARKET,INC-1,LAL KUAN,51331210002D17,11,MIXED ABOVE 25%,DISTRICT HQ,IPDS,SECURE,WBE13455,2,ELECTRICITY HOUSE,Active
190,KESCO,KESCO,CIRCLE III,HANSPURAM,MANDI SAMITI,INC-1,KALI MANDIR,51333620072S44,11,OTHER,DISTRICT HQ,IPDS,LNT,17136641,1,HANSPURAM,Active
191,KESCO,KESCO,CIRCLE I,ALOO MANDI,CHEENAPARK,INC-2,DY KA PARAV,51331110033A17,11,MIXED ABOVE 25%,DISTRICT HQ,IPDS,SECURE,X0038662,0.06,ALOO MANDI,Active
192,KESCO,KESCO,CIRCLE II,PARAG DAIRY,GOVIND NAGAR,INC-1,NIRALA NAGAR,51332610046T25,11,MIXED ABOVE 25%,DISTRICT HQ,IPDS,SECURE,XB455666,1,PARAG DAIRY,Active
193,KESCO,KESCO,CIRCLE I,ALOO MANDI,CHEENAPARK,INC-2,IFTKHARABAD,51331120031A14,11,MIXED ABOVE 25%,DISTRICT HQ,IPDS,SECURE,X0038609,0.06,ALOO MANDI,Active
194,KESCO,KESCO,CIRCLE IV,VIKAS NAGAR,VIKAS NAGAR,INC-1,IRDT,51334220086P34,11,OTHER,DISTRICT HQ,IPDS,SECURE,UPP51408,1,VIKAS NAGAR,Active
195,KESCO,KESCO,CIRCLE III,NAUBASTA,K BLOCK,INC-2,USMANPUR,51333520070K47,11,OTHER,DISTRICT HQ,IPDS,SECURE,X0271185,1,NAUBASTA,Active
196,KESCO,KESCO,CIRCLE III,HARRIS GANJ,AHIRWA,INC-2,ROOMA GAON FEEDER,51333220105G53,11,OTHER,DISTRICT HQ,IPDS,SECURE,XB455667,1,HARRIS GANJ,Active
197,KESCO,KESCO,CIRCLE III,JAJMAU,POKHARPUR,INC-2,POKHARPUR,51333320062H40,11,OTHER,DISTRICT HQ,IPDS,SECURE,WBE13433,1.5,JAJMAU,Active
198,KESCO,KESCO,CIRCLE III,JAJMAU,CHABILEPURWA,INC-3,GALLA GODAM,51333310059H33,11,OTHER,DISTRICT HQ,IPDS,SECURE,UPP51349,1.33,JAJMAU,Active
199,KESCO,KESCO,CIRCLE I,ALOO MANDI,CHEENAPARK,INC-2,AFEEM KOTHI,51331120031A22,11,MIXED ABOVE 25%,DISTRICT HQ,IPDS,SECURE,X1329581,0.06,ALOO MANDI,Active
200,KESCO,KESCO,CIRCLE II,KIDWAI NAGAR,H BLOCK,INC-1,VIRENDRA SWAROOP SCHOOL,51333420064J19,11,MIXED ABOVE 25%,DISTRICT HQ,IPDS,SECURE,UPP51420,2,KIDWAI NAGAR,Active
201,KESCO,KESCO,CIRCLE II,DADA NAGAR,POLYMAR,INC-1,UPSIDC PARK,51332110036B16,11,INDUSTRIAL ABOVE 75%,DISTRICT HQ,IPDS,SECURE,X2249904,1,DADA NAGAR,Active
202,KESCO,KESCO,CIRCLE II,DADA NAGAR,POLYMAR,INC-2,DAINIK JAGRAN,51332110036B54,11,INDEPENDENT,DISTRICT HQ,IPDS,SECURE,X2249849,1,DADA NAGAR,Active
203,KESCO,KESCO,CIRCLE II,DADA NAGAR,POLYMAR,INC-2,LOHIA STAR LINGER,51332110036B53,11,INDEPENDENT,DISTRICT HQ,IPDS,SECURE,X2249894,1,DADA NAGAR,Active
204,KESCO,KESCO,CIRCLE IV,SARVODAYA NAGAR,SARVODAYA NAGAR,INC-2,RANI GANJ,51334320094O15,11,MIXED ABOVE 25%,DISTRICT HQ,IPDS,SECURE,X1329594,0.04,SARVODAYA NAGAR,Active
205,KESCO,KESCO,CIRCLE IV,RATANPUR,B BLOCK PANKI,INC-1,E BLOCK PANKI,51332420051N13,11,MIXED ABOVE 25%,DISTRICT HQ,IPDS,SECURE,UPP51431,1,RATANPUR,Active
206,KESCO,KESCO,CIRCLE I,PHOOL BAGH,SHANI DEO MANDIR,INC-1,GUJRATI SCHOOL,51331410017M71,11,MIXED ABOVE 25%,DISTRICT HQ,IPDS,SECURE,X1329940,0.06,PHOOL BAGH,Active
207,KESCO,KESCO,CIRCLE I,PHOOL BAGH,RBI,INC-2,KPM HOSPITAL,51331430013M22,11,INDEPENDENT,DISTRICT HQ,IPDS,SECURE,X2145595,0.06,PHOOL BAGH,Active
208,KESCO,KESCO,CIRCLE I,PHOOL BAGH,PHOOL BAGH,INC-2,F-5 PATKAPUR,51331430008M10,11,MIXED ABOVE 25%,DISTRICT HQ,IPDS,SECURE,X1329476,0.06,PHOOL BAGH,Active
209,KESCO,KESCO,CIRCLE I,PHOOL BAGH,PHOOL BAGH,INC-1,LIC BUILDING,51331430008M17,11,MIXED ABOVE 25%,DISTRICT HQ,IPDS,SECURE,X1329475,0.06,PHOOL BAGH,Active
210,KESCO,KESCO,CIRCLE IV,KALYANPUR,IIPR,INC-1,BEEJ BHANDAR,51334120084I30,11,MIXED ABOVE 50%,DISTRICT HQ,IPDS,SECURE,X0692145,0.04,KALYANPUR,Active
211,KESCO,KESCO,CIRCLE I,ELECTRICITY HOUSE,MUIR MILL,INC-3,NAVEEN MARKET,51331220005D26,11,MIXED ABOVE 25%,DISTRICT HQ,IPDS,SECURE,X1329939,0.06,ELECTRICITY HOUSE,Active
212,KESCO,KESCO,CIRCLE III,DAHELI SUJANPUR,KOYLA NAGAR,INC-2,KOYLA NAGAR,51333110075C22,11,OTHER,DISTRICT HQ,IPDS,SECURE,X0271156,1,DAHELI SUJANPUR,Active
213,KESCO,KESCO,CIRCLE III,NAUBASTA,K BLOCK,INC-2,SEWA ASHRAM FEEDER,51333520070J28,11,OTHER,DISTRICT HQ,IPDS,SECURE,X0271193,1,NAUBASTA,Active
214,KESCO,KESCO,CIRCLE III,NAUBASTA,NAUBASTA,INC-1,BASANT VIHAR -2,51333510067K34,11,OTHER,DISTRICT HQ,IPDS,LNT,17076582,1,NAUBASTA,Active
215,KESCO,KESCO,CIRCLE III,HARRIS GANJ,AHIRWA,INC-2,DEVIGANJ FEEDER,51333220105G55,11,OTHER,DISTRICT HQ,IPDS,SECURE,XB455718,1,HARRIS GANJ,Active
216,KESCO,KESCO,CIRCLE III,HARRIS GANJ,HARISH GANJ,INC-1,FAITHFUL GANJ,51333210057G12,11,OTHER,DISTRICT HQ,IPDS,SECURE,XC461208,2,HARRIS GANJ,Active
217,KESCO,KESCO,CIRCLE III,JAJMAU,CHABILEPURWA,INC-2,HAL MANAS VIHAR,51333310059H43,11,OTHER,DISTRICT HQ,IPDS,SECURE,HRT95702,2,JAJMAU,Active
218,KESCO,KESCO,CIRCLE II,KIDWAI NAGAR,BABUPURWA,INC-2,MUNSIPURWA,51333410063J26,11,MIXED ABOVE 25%,DISTRICT HQ,IPDS,SECURE,8908479,0.04,KIDWAI NAGAR,Active
219,KESCO,KESCO,CIRCLE II,PARAG DAIRY,PARAG DAIRY,INC-2,KDA MARKET,51332610046T47,11,MIXED ABOVE 25%,DISTRICT HQ,IPDS,LNT,17087337,1,PARAG DAIRY,Active
220,KESCO,KESCO,CIRCLE II,GOVIND NAGAR,DABAULI,INC-1,NORTH FEEDER,51332310045U27,11,MIXED ABOVE 25%,DISTRICT HQ,IPDS,SECURE,X0271113,1,GOVIND NAGAR,Active
221,KESCO,KESCO,CIRCLE II,DADA NAGAR,ISPAT NAGAR,INC-2,MTC,51332120039B47,11,INDUSTRIAL ABOVE 75%,DISTRICT HQ,IPDS,SECURE,X0271132,1,DADA NAGAR,Active
222,KESCO,KESCO,CIRCLE II,DADA NAGAR,UDYOG KUNJ,INC-2,IIA BHAWAN,51332110037B41,11,INDUSTRIAL ABOVE 75%,DISTRICT HQ,IPDS,SECURE,X0362207,0.08,DADA NAGAR,Active
223,KESCO,KESCO,CIRCLE II,GUMTI,DARSHANPURWA,INCOMING-II (G-9),GUMTI PLAZA,51332220042F29,11,MIXED ABOVE 25%,DISTRICT HQ,IPDS,SECURE,X0271116,1,GUMTI,Active
224,KESCO,KESCO,CIRCLE II,GUMTI,DARSHANPURWA,INCOMING-II (G-9),BAMBA ROAD,51332220044F31,11,MIXED ABOVE 25%,DISTRICT HQ,IPDS,SECURE,X0271129,1,GUMTI,Active
225,KESCO,KESCO,CIRCLE I,ALOO MANDI,DEPUTY KA PADAO,INC-1,GURUVRAT ULLAH PARK,51331120097A27,11,MIXED ABOVE 25%,DISTRICT HQ,IPDS,SECURE,X0362089,0.06,ALOO MANDI,Active
226,KESCO,KESCO,CIRCLE I,PHOOL BAGH,RBI,INC-2,RBI OFFICE FEEDER,51331430013M20,11,INDEPENDENT,DISTRICT HQ,IPDS,SECURE,X2145601,0.06,PHOOL BAGH,Active
227,KESCO,KESCO,CIRCLE I,PHOOL BAGH,SARSIAYA GHAT,INC-2,OEF COLONY,51331430011M32,11,MIXED ABOVE 25%,DISTRICT HQ,IPDS,SECURE,UMV88102,1.5,PHOOL BAGH,Active
228,KESCO,KESCO,CIRCLE I,PHOOL BAGH,DAL MANDI,INC-2,NAYA GANJ,51331410015M57,11,MIXED ABOVE 25%,DISTRICT HQ,IPDS,SECURE,XB455728,1,PHOOL BAGH,Active
229,KESCO,KESCO,CIRCLE IV,KALYANPUR,BARA SIROHI,INC-1,NEW BARA SIROHI,51334110101I40,11,MIXED ABOVE 25%,DISTRICT HQ,IPDS,SECURE,XC461198,1,KALYANPUR,Active
230,KESCO,KESCO,CIRCLE IV,KALYANPUR,KESHAVPURAM,INC-3,MASWANPUR,51334120085I12,11,MIXED ABOVE 25%,DISTRICT HQ,IPDS,SECURE,XC408466,1,KALYANPUR,Active
231,KESCO,KESCO,CIRCLE I,NAWABGANJ,B.S.PARK,INC-2,ALL INDIA,51331320024L63,11,INDEPENDENT,DISTRICT HQ,IPDS,SECURE,50010444,0.06,NAWABGANJ,Active
232,KESCO,KESCO,CIRCLE I,ELECTRICITY HOUSE,MALL ROAD,INC-1,RIZVI ROAD,51331210003D16,11,MIXED ABOVE 25%,DISTRICT HQ,IPDS,SECURE,XB455642,1,ELECTRICITY HOUSE,Active
233,KESCO,KESCO,CIRCLE I,ELECTRICITY HOUSE,MALL ROAD,INC-2,PARED,51331210003D34,11,MIXED ABOVE 25%,DISTRICT HQ,IPDS,SECURE,XB455706,2,ELECTRICITY HOUSE,Active
234,KESCO,KESCO,CIRCLE I,ELECTRICITY HOUSE,RPH OLD GWAL TOLI,INC-3,LAL IMLI,51331230001D30,11,MIXED ABOVE 25%,DISTRICT HQ,IPDS,SECURE,XB455731,1.5,ELECTRICITY HOUSE,Active
235,KESCO,KESCO,CIRCLE I,ELECTRICITY HOUSE,RPH OLD GWAL TOLI,INC-1,MAQBARA,51331230001D25,11,MIXED ABOVE 25%,DISTRICT HQ,IPDS,SECURE,XB455736,1.5,ELECTRICITY HOUSE,Active
236,KESCO,KESCO,CIRCLE III,DAHELI SUJANPUR,HIGHWAY CITY,INC-2,KASHI RAM COLONY,51333110074C33,11,OTHER,DISTRICT HQ,IPDS,SECURE,X0271236,1,DAHELI SUJANPUR,Active
237,KESCO,KESCO,CIRCLE III,DAHELI SUJANPUR,KOYLA NAGAR,INC-2,SANIGWA,51333110075C21,11,OTHER,DISTRICT HQ,IPDS,SECURE,X0271209,1,DAHELI SUJANPUR,Active
238,KESCO,KESCO,CIRCLE III,NAUBASTA,PASHUPATI NAGAR,INC-2,YASHODA NAGAR,51333520069K36,11,OTHER,DISTRICT HQ,IPDS,SECURE,XC0461194,2,NAUBASTA,Active
239,KESCO,KESCO,CIRCLE III,HARRIS GANJ,ROOMA HAL,INC-1,CNG,51333220055G25,11,OTHER,DISTRICT HQ,IPDS,SECURE,XB455670,2,HARRIS GANJ,Active
240,KESCO,KESCO,CIRCLE III,HARRIS GANJ,RING ROAD,INC-3,LALBANGLA MARKET,51333220056G17,11,OTHER,DISTRICT HQ,IPDS,SECURE,XC461202,1,HARRIS GANJ,Active
241,KESCO,KESCO,CIRCLE III,HARRIS GANJ,HARISH GANJ,INC-1,MEERPUR MUNSIPURWA,51333210057G11,11,OTHER,DISTRICT HQ,IPDS,SECURE,XC461192,1,HARRIS GANJ,Active
242,KESCO,KESCO,CIRCLE III,JAJMAU,POKHARPUR,INC-1,KDA BAZAR,51333320062H34,11,OTHER,DISTRICT HQ,IPDS,SECURE,X0361947,1,JAJMAU,Active
243,KESCO,KESCO,CIRCLE II,KIDWAI NAGAR,BABUPURWA,INC-1,BEGAM PURWA,51333410063J23,11,MIXED ABOVE 25%,DISTRICT HQ,IPDS,SECURE,XB455722,1,KIDWAI NAGAR,Active
244,KESCO,KESCO,CIRCLE II,WORLD BANK BARRA,GUJAINI,INC-2,VAISHNAVI VIHAR,51332520053Q25,11,MIXED ABOVE 25%,DISTRICT HQ,IPDS,SECURE,X0271184,1,WORLD BANK BARRA,Active
245,KESCO,KESCO,CIRCLE II,DADA NAGAR,POLYMAR,INC-3,GOLD STAR,51332110036B25,11,INDEPENDENT,DISTRICT HQ,IPDS,SECURE,X2249851,1,DADA NAGAR,Active
246,KESCO,KESCO,CIRCLE II,DADA NAGAR,POLYMAR,INC-2,NAURYA KHERA,51332110036B37,11,MIXED ABOVE 50%,DISTRICT HQ,IPDS,SECURE,X2249895,1,DADA NAGAR,Active
247,KESCO,KESCO,CIRCLE II,DADA NAGAR,POLYMAR,INC-2,HYUNDAI,51332110036B27,11,INDUSTRIAL ABOVE 75%,DISTRICT HQ,IPDS,SECURE,X2249883,1,DADA NAGAR,Active
248,KESCO,KESCO,CIRCLE II,DADA NAGAR,POLYMAR,INC-1,SECTOR-C,51332110036B38,11,INDUSTRIAL ABOVE 75%,DISTRICT HQ,IPDS,SECURE,X2249847,1,DADA NAGAR,Active
249,KESCO,KESCO,CIRCLE II,DADA NAGAR,UDYOG KUNJ,INC-1,EAST,51332110037B24,11,INDUSTRIAL ABOVE 75%,DISTRICT HQ,IPDS,SECURE,UMV87976,1,DADA NAGAR,Active
250,KESCO,KESCO,CIRCLE IV,SARVODAYA NAGAR,RTO,INC-1,LAJPAT NAGAR,51334310092O25,11,MIXED ABOVE 25%,DISTRICT HQ,IPDS,SECURE,X0038759,0.08,SARVODAYA NAGAR,Active
251,KESCO,KESCO,CIRCLE II,GUMTI,GIRDHAR COLD STORAGE,INCOMING-1 (G-1),GIRDHAR COLD STORAGE SUBSTATION FEEDER,51332210041F48,11,SUBSTATION,DISTRICT HQ,IPDS,SECURE,WBE13446,1,GUMTI,Active
252,KESCO,KESCO,CIRCLE II,GUMTI,DARSHANPURWA,INC-1,OM NAGAR,51332220042F27,11,MIXED ABOVE 25%,DISTRICT HQ,IPDS,SECURE,X0271212,1,GUMTI,Active
253,KESCO,KESCO,CIRCLE II,GUMTI,FAZAL GANJ,INCOMING-IV (G-1),NATIONAL TUBING,51332210040F34,11,MIXED ABOVE 50%,DISTRICT HQ,IPDS,SECURE,X0271115,1,GUMTI,Active
254,KESCO,KESCO,CIRCLE I,ALOO MANDI,DEPUTY KA PADAO,INC-1,DKP-68,51331120097A24,11,MIXED ABOVE 25%,DISTRICT HQ,IPDS,SECURE,X0362090,0.06,ALOO MANDI,Active
255,KESCO,KESCO,CIRCLE I,PHOOL BAGH,GHANTA GHAR,INC-1,SUTAR KHANA,51331410016M60,11,MIXED ABOVE 25%,DISTRICT HQ,IPDS,SECURE,X0038640,0.06,PHOOL BAGH,Active
256,KESCO,KESCO,CIRCLE IV,KALYANPUR,KESHAVPURAM,INC-1,KDMA,51334120085I21,11,MIXED ABOVE 25%,DISTRICT HQ,IPDS,SECURE,XC408471,1,KALYANPUR,Active
257,KESCO,KESCO,CIRCLE I,NAWABGANJ,RPH NEW,INC-1,TILAK NAGAR,51331310023L14,11,MIXED ABOVE 25%,DISTRICT HQ,IPDS,SECURE,X0692112,0.04,NAWABGANJ,Active
258,KESCO,KESCO,CIRCLE I,ELECTRICITY HOUSE,MUIR MILL,INC-2,KESA HOUSE,51331220005D27,11,MIXED ABOVE 25%,DISTRICT HQ,IPDS,SECURE,XB455677,1,ELECTRICITY HOUSE,Active
259,KESCO,KESCO,CIRCLE IV,VIKAS NAGAR,KESA COLONY,KESA COLONY INCOMER NO. 1,SURYA VIHAR,51334220099P55,11,MIXED ABOVE 25%,DISTRICT HQ,IPDS,SECURE,X0271241,1,VIKAS NAGAR,Active
260,KESCO,KESCO,CIRCLE IV,VIKAS NAGAR,DAYANAND VIHAR,INC-1,NAVSHEELDHAM,51334210087P35,11,MIXED ABOVE 25%,DISTRICT HQ,IPDS,SECURE,X1329574,0.06,VIKAS NAGAR,Active
261,KESCO,KESCO,CIRCLE III,DAHELI SUJANPUR,37 PAC,INC-1,37 PAC SUB STATION FEEDER,51333110096C56,11,OTHER,DISTRICT HQ,IPDS,SECURE,XC461168,1,DAHELI SUJANPUR,Active
262,KESCO,KESCO,CIRCLE III,DAHELI SUJANPUR,DELHI SUJANPUR,INC-3,DEVAKI NAGAR,51333110077C16,11,OTHER,DISTRICT HQ,IPDS,LNT,17090514,1,DAHELI SUJANPUR,Active
263,KESCO,KESCO,CIRCLE III,NAUBASTA,K BLOCK,INC-1,K BLOCK KIDWAI NAGAR,51333520070K49,11,OTHER,DISTRICT HQ,IPDS,SECURE,UPP51402,2,NAUBASTA,Active
264,KESCO,KESCO,CIRCLE III,HARRIS GANJ,AHIRWA,INC-1,CHAKERI MODE FEEDER,51333220105G52,11,OTHER,DISTRICT HQ,IPDS,SECURE,XB455639,2,HARRIS GANJ,Active
265,KESCO,KESCO,CIRCLE III,JAJMAU,CHABILEPURWA,INC-2,ASARFABAD,51333310059H48,11,MIXED ABOVE 25%,DISTRICT HQ,IPDS,SECURE,HRT95703,2,JAJMAU,Active
266,KESCO,KESCO,CIRCLE II,KIDWAI NAGAR,HORSEMAN BAGH,INC-1,O BLOCK,51333420065J12,11,MIXED ABOVE 25%,DISTRICT HQ,IPDS,SECURE,X0271214,1,KIDWAI NAGAR,Active
267,KESCO,KESCO,CIRCLE II,KIDWAI NAGAR,HORSEMAN BAGH,INC-1,LAL PALACE THEATER,51333420065J14,11,MIXED ABOVE 25%,DISTRICT HQ,IPDS,SECURE,X0271140,1,KIDWAI NAGAR,Active
268,KESCO,KESCO,CIRCLE II,PARAG DAIRY,PARAG DAIRY,INC-1,NEW SAKET NAGAR,51332610046T46,11,MIXED ABOVE 25%,DISTRICT HQ,IPDS,LNT,17090504,1,PARAG DAIRY,Active
269,KESCO,KESCO,CIRCLE II,WORLD BANK BARRA,TATYA TOPE NAGAR,INC-1,HALWA KHERA,51332520054Q21,11,INDEPENDENT,DISTRICT HQ,IPDS,SECURE,X0271234,1,WORLD BANK BARRA,Active
270,KESCO,KESCO,CIRCLE II,WORLD BANK BARRA,WORLD BANK BARRA,INC-1,HIJK BLOCK BARRA,51332510052Q13,11,MIXED ABOVE 25%,DISTRICT HQ,IPDS,SECURE,X0271114,1,WORLD BANK BARRA,Active
271,KESCO,KESCO,CIRCLE II,WORLD BANK BARRA,WORLD BANK BARRA,INC-3,BARRA 2,51332510052U36,11,MIXED ABOVE 25%,DISTRICT HQ,IPDS,SECURE,X0271130,2,WORLD BANK BARRA,Active
272,KESCO,KESCO,CIRCLE II,DADA NAGAR,ISPAT NAGAR,INC-1,G27 NEW ISPAT NAGAR,51332120038B65,11,INDUSTRIAL ABOVE 75%,DISTRICT HQ,IPDS,SECURE,X0271137,1,DADA NAGAR,Active
273,KESCO,KESCO,CIRCLE IV,SARVODAYA NAGAR,NAMAK FACTORY,INC-1,ROSHAN NAGAR,51334320095O32,11,MIXED ABOVE 25%,DISTRICT HQ,IPDS,SECURE,UPP51390,2,SARVODAYA NAGAR,Active
274,KESCO,KESCO,CIRCLE IV,RATANPUR,B BLOCK PANKI,INC-2,SWARAJ NAGAR,51332420051N15,11,MIXED ABOVE 25%,DISTRICT HQ,IPDS,SECURE,UPP51407,1,RATANPUR,Active
275,KESCO,KESCO,CIRCLE IV,RATANPUR,SHASTRI NAGAR,INC-2,DOUBLE PULIA,51332410048N16,11,MIXED ABOVE 25%,DISTRICT HQ,IPDS,SECURE,X0271170,1,RATANPUR,Active
276,KESCO,KESCO,CIRCLE I,ALOO MANDI,AFEEMKOTHI,INC-1,ELDICO,51331110033A19,11,MIXED ABOVE 25%,DISTRICT HQ,IPDS,SECURE,X2249893,1,ALOO MANDI,Active
277,KESCO,KESCO,CIRCLE I,PHOOL BAGH,CHHAPER,INC-2,GENERAL GANJ,51331420007M93,11,MIXED ABOVE 25%,DISTRICT HQ,IPDS,SECURE,XB455693,1,PHOOL BAGH,Active
278,KESCO,KESCO,CIRCLE I,PHOOL BAGH,DAL MANDI,INC-1,MALVIYA PARLK,51331410015M53,11,MIXED ABOVE 25%,DISTRICT HQ,IPDS,SECURE,XB455737,1,PHOOL BAGH,Active
279,KESCO,KESCO,CIRCLE I,PHOOL BAGH,SARSIAYA GHAT,INC-1,DM FEEDER,51331430011M30,11,MIXED ABOVE 25%,DISTRICT HQ,IPDS,SECURE,UPP51350,1,PHOOL BAGH,Active
280,KESCO,KESCO,CIRCLE IV,KALYANPUR,KESHAVPURAM,INC-2,KESHAV VATIKA,51334120085I25,11,MIXED ABOVE 25%,DISTRICT HQ,IPDS,SECURE,X0271192,1,KALYANPUR,Active
281,KESCO,KESCO,CIRCLE IV,KALYANPUR,KESHAVPURAM,INC-1,SAYYAD NAGAR,51334120085I18,11,MIXED ABOVE 25%,DISTRICT HQ,IPDS,SECURE,XC408470,1,KALYANPUR,Active
282,KESCO,KESCO,CIRCLE IV,KALYANPUR,KALYANPUR,INC-3,E SECTOR,51334110079I17,11,MIXED ABOVE 25%,DISTRICT HQ,IPDS,SECURE,XB455721,1,KALYANPUR,Active
283,KESCO,KESCO,CIRCLE I,NAWABGANJ,BHAIRO GHAT,INC-3,BHAIRAV GHAT JAL SANSTHAN,51331310022L27,11,INDEPENDENT,DISTRICT HQ,IPDS,SECURE,X1330018,0.06,NAWABGANJ,Active
284,KESCO,KESCO,CIRCLE I,NAWABGANJ,RPH NEW,INC-1,GREEN PARK,51331310023L15,11,MIXED ABOVE 25%,DISTRICT HQ,IPDS,SECURE,XB455674,1,NAWABGANJ,Active
285,KESCO,KESCO,CIRCLE I,NAWABGANJ,RPH NEW,INC-1,TIKONIA PARK,51331310023L12,11,MIXED ABOVE 25%,DISTRICT HQ,IPDS,SECURE,XB455669,1,NAWABGANJ,Active
286,KESCO,KESCO,CIRCLE I,ELECTRICITY HOUSE,MUIR MILL,INC-1,MALL ROAD-101,51331220005D29,11,MIXED ABOVE 25%,DISTRICT HQ,IPDS,SECURE,XB455651,1,ELECTRICITY HOUSE,Active
287,KESCO,KESCO,CIRCLE III,HANSPURAM,HANSPURAM,INC-1,BABA NAGAR,51333610071S45,11,OTHER,DISTRICT HQ,IPDS,SECURE,XB455709,2,HANSPURAM,Active
288,KESCO,KESCO,CIRCLE I,ALOO MANDI,CHEENAPARK,INC-1,DALEL PURWA,51331120031A23,11,MIXED ABOVE 25%,DISTRICT HQ,IPDS,SECURE,X0038738,0.06,ALOO MANDI,Active
289,KESCO,KESCO,CIRCLE I,ALOO MANDI,ALOOMANDI,INC-3,LAXMI PURWA,51331110032A15,11,MIXED ABOVE 25%,DISTRICT HQ,IPDS,SECURE,X0038644,0.06,ALOO MANDI,Active
290,KESCO,KESCO,CIRCLE I,ALOO MANDI,ALOOMANDI,INC-1,SURSA MANDIR,51331110032A13,11,MIXED ABOVE 25%,DISTRICT HQ,IPDS,SECURE,UPP51368,2,ALOO MANDI,Active
291,KESCO,KESCO,CIRCLE IV,VIKAS NAGAR,KESA COLONY,KESA COLONY INCOMER NO. 1,KESA COLONY SUB STATION FEEDER,51334220099P53,11,SUBSTATION,DISTRICT HQ,IPDS,SECURE,X0271158,1,VIKAS NAGAR,Active
292,KESCO,KESCO,CIRCLE III,NAUBASTA,NAUBASTA,INC-1,BASANT VIHAR -I,51333510067K33,11,OTHER,DISTRICT HQ,IPDS,LNT,17090466,1,NAUBASTA,Active
293,KESCO,KESCO,CIRCLE III,HARRIS GANJ,ROOMA UPSIDC,INC-2,KIT COLLAGE,51333220058G31,11,INDUSTRIAL ABOVE 75%,DISTRICT HQ,IPDS,SECURE,X0271220,1,HARRIS GANJ,Active
294,KESCO,KESCO,CIRCLE III,HARRIS GANJ,RING ROAD,INC-3,RAGHUNATH APPARTMENT,51333220056G33,11,INDEPENDENT,DISTRICT HQ,IPDS,SECURE,XC461203,1,HARRIS GANJ,Active
295,KESCO,KESCO,CIRCLE II,WORLD BANK BARRA,GUJAINI,INC-1,BARRA GAON,51332520053Q16,11,MIXED ABOVE 25%,DISTRICT HQ,IPDS,SECURE,X0271107,1,WORLD BANK BARRA,Active
296,KESCO,KESCO,CIRCLE II,WORLD BANK BARRA,WORLD BANK BARRA,INC-1,DAMODAR NAGAR 1,51332510052Q14,11,MIXED ABOVE 25%,DISTRICT HQ,IPDS,SECURE,X0271175,1,WORLD BANK BARRA,Active
297,KESCO,KESCO,CIRCLE II,GOVIND NAGAR,E BLOCK GUJAINI,INC-1,NEW GUJAINI 1,51332310100U43,11,MIXED ABOVE 25%,DISTRICT HQ,IPDS,SECURE,XB455713,2,GOVIND NAGAR,Active
298,KESCO,KESCO,CIRCLE II,GOVIND NAGAR,DABAULI,INC-2,BARRA 7,51332520053U11,11,MIXED ABOVE 25%,DISTRICT HQ,IPDS,SECURE,X0271151,1,GOVIND NAGAR,Active
299,KESCO,KESCO,CIRCLE IV,RATANPUR,B BLOCK PANKI,INC-2,SUNDER NAGAR,51332420051N23,11,MIXED ABOVE 25%,DISTRICT HQ,IPDS,SECURE,UPP51437,2,RATANPUR,Active
300,KESCO,KESCO,CIRCLE I,ZAREEB CHOUKI,CHAMAN GAHNJ,INC-2,KUDA GHAR,51331510030R15,11,MIXED ABOVE 25%,DISTRICT HQ,IPDS,SECURE,X0362113,0.06,ZAREEB CHOUKI,Active
301,KESCO,KESCO,CIRCLE III,DAHELI SUJANPUR,HIGHWAY CITY,INC-1,CHANDAN NAGAR,51333110074C37,11,OTHER,DISTRICT HQ,IPDS,SECURE,X0271125,1,DAHELI SUJANPUR,Active
302,KESCO,KESCO,CIRCLE III,DAHELI SUJANPUR,HIGHWAY CITY,INC-2,BHABHA NAGAR,51333110074C32,11,OTHER,DISTRICT HQ,IPDS,SECURE,X0271145,1,DAHELI SUJANPUR,Active
303,KESCO,KESCO,CIRCLE III,DAHELI SUJANPUR,SUJAT GANJ,INC-1,POWER LOOM FEEDER,51333120078C44,11,OTHER,DISTRICT HQ,IPDS,SECURE,UMB87637,1,DAHELI SUJANPUR,Active
304,KESCO,KESCO,CIRCLE III,DAHELI SUJANPUR,DELHI SUJANPUR,INC-1,GOPAL NAGAR,51333110077C15,11,OTHER,DISTRICT HQ,IPDS,LNT,17090508,1,DAHELI SUJANPUR,Active
305,KESCO,KESCO,CIRCLE III,HARRIS GANJ,RING ROAD,INC-2,LAL BANGLA,51333220056G21,11,OTHER,DISTRICT HQ,IPDS,SECURE,XC461173,2,HARRIS GANJ,Active
306,KESCO,KESCO,CIRCLE III,HARRIS GANJ,RING ROAD,INC-1,MANOJ INTERNATIONAL HOTEL,51333220056G18,11,OTHER,DISTRICT HQ,IPDS,SECURE,XC461186,1,HARRIS GANJ,Active
307,KESCO,KESCO,CIRCLE III,HARRIS GANJ,HARISH GANJ,INC-3,KRISHNA HOSPITAL,51333210057G37,11,INDEPENDENT,DISTRICT HQ,IPDS,SECURE,UPP51382,1,HARRIS GANJ,Active
308,KESCO,KESCO,CIRCLE I,ZAREEB CHOUKI,ZAREEB CHOUKI,INC-2,GT ROAD,51331510028R11,11,MIXED ABOVE 25%,DISTRICT HQ,IPDS,SECURE,XB455707,1,ZAREEB CHOUKI,Active
309,KESCO,KESCO,CIRCLE I,PHOOL BAGH,CHHAPER,INC-2,MANI RAM BAGIA,51331420007M95,11,MIXED ABOVE 25%,DISTRICT HQ,IPDS,SECURE,XB455739,1,PHOOL BAGH,Active
310,KESCO,KESCO,CIRCLE I,PHOOL BAGH,JHADI BABA,INC-1,PHOOL BAGH ZPS,51331430014M43,11,MIXED ABOVE 25%,DISTRICT HQ,IPDS,SECURE,X1329899,0.06,PHOOL BAGH,Active
311,KESCO,KESCO,CIRCLE I,PHOOL BAGH,PHOOL BAGH,INC-2,F-3 DAL MANDI,51331430008M15,11,MIXED ABOVE 25%,DISTRICT HQ,IPDS,SECURE,X1329941,0.06,PHOOL BAGH,Active
312,KESCO,KESCO,CIRCLE IV,KALYANPUR,AMBEDKARPURAM,INC-1,JHANDA PARK FEEDER,51334110082I38,11,MIXED ABOVE 25%,DISTRICT HQ,IPDS,SECURE,X0271244,1,KALYANPUR,Active
313,KESCO,KESCO,CIRCLE IV,KALYANPUR,AMBEDKARPURAM,INC-1,AMBEDKAR PURAM,51334110082I33,11,MIXED ABOVE 25%,DISTRICT HQ,IPDS,SECURE,X0271246,1,KALYANPUR,Active
314,KESCO,KESCO,CIRCLE IV,KALYANPUR,MAHABALIPURAM,INC-1,MOHINI MARWADI,51334120083I13,11,MIXED ABOVE 25%,DISTRICT HQ,IPDS,SECURE,X0692106,0.04,KALYANPUR,Active
315,KESCO,KESCO,CIRCLE I,NAWABGANJ,CSA,INC-1,TIWARI GHAT,51331310098L30,11,MIXED ABOVE 25%,DISTRICT HQ,IPDS,SECURE,X0361790,0.06,NAWABGANJ,Active
316,KESCO,KESCO,CIRCLE I,NAWABGANJ,B.S.PARK,INC-2,BARSANA,51331320024L69,11,MIXED ABOVE 25%,DISTRICT HQ,IPDS,SECURE,50010442,0.06,NAWABGANJ,Active
317,KESCO,KESCO,CIRCLE I,NAWABGANJ,GANGA BAIRAJ,INC-1,VISHNU PURI,51331310019L42,11,MIXED ABOVE 25%,DISTRICT HQ,IPDS,SECURE,X1330363,0.08,NAWABGANJ,Active
318,KESCO,KESCO,CIRCLE I,NAWABGANJ,GANGA BAIRAJ,INC-2,MAUNI GHAT,51331310019L44,11,MIXED ABOVE 25%,DISTRICT HQ,IPDS,SECURE,X1330361,0.08,NAWABGANJ,Active
319,KESCO,KESCO,CIRCLE I,NAWABGANJ,GANGA BAIRAJ,INC-1,AZAD NAGAR,51331310019L43,11,MIXED ABOVE 25%,DISTRICT HQ,IPDS,SECURE,X1330360,0.04,NAWABGANJ,Active
320,KESCO,KESCO,CIRCLE I,ELECTRICITY HOUSE,MALL ROAD,INC-2,BEVIS,51331210003D40,11,MIXED ABOVE 25%,DISTRICT HQ,IPDS,SECURE,XB455692,1,ELECTRICITY HOUSE,Active
321,KESCO,KESCO,CIRCLE I,ELECTRICITY HOUSE,CYCLE MARKET,INC-1,PANI KI TANKI BECON GANJ,51331210003D24,11,MIXED ABOVE 25%,DISTRICT HQ,IPDS,SECURE,WBE13456,2,ELECTRICITY HOUSE,Active
322,KESCO,KESCO,CIRCLE III,HARRIS GANJ,RING ROAD,INC-1,SHIV KATRA,51333220056G20,11,OTHER,DISTRICT HQ,IPDS,SECURE,XC461157,1,HARRIS GANJ,Active
323,KESCO,KESCO,CIRCLE III,HARRIS GANJ,HARISH GANJ,INC-3,SHANTI NAGAR,51333210057G13,11,OTHER,DISTRICT HQ,IPDS,SECURE,UPP51383,2,HARRIS GANJ,Active
324,KESCO,KESCO,CIRCLE III,JAJMAU,SANJAY NAGAR,INC-1,MONA NAGAR,51333310060H37,11,INDUSTRIAL ABOVE 75%,DISTRICT HQ,IPDS,SECURE,X0271163,1,JAJMAU,Active
325,KESCO,KESCO,CIRCLE III,JAJMAU,POKHARPUR,INC-1,DEFENCE COLONY,51333320062H36,11,OTHER,DISTRICT HQ,IPDS,SECURE,X0361895,1,JAJMAU,Active
326,KESCO,KESCO,CIRCLE II,KIDWAI NAGAR,H BLOCK,INC-2,GANESH PARK,51333420064J21,11,MIXED ABOVE 25%,DISTRICT HQ,IPDS,SECURE,X0038675,0.04,KIDWAI NAGAR,Active
327,KESCO,KESCO,CIRCLE II,WORLD BANK BARRA,TATYA TOPE NAGAR,INC-1,RAVIDAS PURAM,51332520054Q33,11,MIXED ABOVE 25%,DISTRICT HQ,IPDS,SECURE,X0271168,1,WORLD BANK BARRA,Active
328,KESCO,KESCO,CIRCLE II,GOVIND NAGAR,VIDYUT COLONY,INC-3,BARRA TITU DHABA,51332320047U32,11,MIXED ABOVE 25%,DISTRICT HQ,IPDS,LNT,17090495,1,GOVIND NAGAR,Active
329,KESCO,KESCO,CIRCLE IV,RATANPUR,B BLOCK PANKI,INC-1,ARMAPUR ZPS,51332420051N22,11,INDEPENDENT,DISTRICT HQ,IPDS,SECURE,UPP51413,1,RATANPUR,Active
330,KESCO,KESCO,CIRCLE III,HANSPURAM,MANDI SAMITI,INC-1,NEW GALLA MANDI,51333620072S52,11,OTHER,DISTRICT HQ,IPDS,LNT,17136639,1,HANSPURAM,Active
331,KESCO,KESCO,CIRCLE III,HANSPURAM,HANSPURAM,INC-3,RAJEEV VIHAR,51333610071S57,11,OTHER,DISTRICT HQ,IPDS,SECURE,XB455673,1,HANSPURAM,Active
332,KESCO,KESCO,CIRCLE IV,VIKAS NAGAR,SINGHPUR,INC-1,BANIYAPURWA,51334210089P43,11,MIXED ABOVE 25%,DISTRICT HQ,IPDS,SECURE,XB455655,1,VIKAS NAGAR,Active
333,KESCO,KESCO,CIRCLE III,DAHELI SUJANPUR,37 PAC,INC-1,GANGA NAGAR,51333110096C54,11,OTHER,DISTRICT HQ,IPDS,SECURE,XC461200,1,DAHELI SUJANPUR,Active
334,KESCO,KESCO,CIRCLE III,DAHELI SUJANPUR,KOYLA NAGAR,INC-1,GANGA PUR,51333110075C24,11,OTHER,DISTRICT HQ,IPDS,SECURE,X0271118,1,DAHELI SUJANPUR,Active
335,KESCO,KESCO,CIRCLE III,JAJMAU,SANJAY NAGAR,INC-2,SANJAY NAGAR,51333310060H54,11,INDUSTRIAL ABOVE 75%,DISTRICT HQ,IPDS,SECURE,X0271169,1,JAJMAU,Active
336,KESCO,KESCO,CIRCLE II,WORLD BANK BARRA,WORLD BANK BARRA,INC-2,ABC BLOCK BARRA,51332510052Q11,11,MIXED ABOVE 25%,DISTRICT HQ,IPDS,SECURE,X0271180,1,WORLD BANK BARRA,Active
337,KESCO,KESCO,CIRCLE II,DADA NAGAR,DADA NAGAR,INC-2,LOHIYA COLONY,51332110035B49,11,MIXED ABOVE 25%,DISTRICT HQ,IPDS,SECURE,HRT95699,2,DADA NAGAR,Active
338,KESCO,KESCO,CIRCLE I,ZAREEB CHOUKI,JAWAHAR NAGAR,INC-2,80 FEET ROAD,51331520029R22,11,MIXED ABOVE 25%,DISTRICT HQ,IPDS,SECURE,WBE13468,1,ZAREEB CHOUKI,Active
339,KESCO,KESCO,CIRCLE I,ZAREEB CHOUKI,ZAREEB CHOUKI,INC-2,ACHARYA NAGAR,51331510028R16,11,MIXED ABOVE 25%,DISTRICT HQ,IPDS,SECURE,XB455688,1,ZAREEB CHOUKI,Active
340,KESCO,KESCO,CIRCLE III,JAJMAU,POKHARPUR,INC-2,NEW BANIYA BAZAR,51333320062H38,11,OTHER,DISTRICT HQ,IPDS,SECURE,WBE13486,1.5,JAJMAU,Active
341,KESCO,KESCO,CIRCLE II,WORLD BANK BARRA,TATYA TOPE NAGAR,INC-2,TT NAGAR PHASE-3,51332520054Q20,11,MIXED ABOVE 25%,DISTRICT HQ,IPDS,SECURE,X0271121,1,WORLD BANK BARRA,Active
342,KESCO,KESCO,CIRCLE II,GOVIND NAGAR,DABAULI,INC-3,GOPALA,51332310045U13,11,MIXED ABOVE 25%,DISTRICT HQ,IPDS,SECURE,X0271159,1,GOVIND NAGAR,Active
343,KESCO,KESCO,CIRCLE IV,RATANPUR,JAWAHARPURAM,INC-1,JAWAHARPURAM,51332420050N34,11,MIXED ABOVE 25%,DISTRICT HQ,IPDS,SECURE,X0361864,0.04,RATANPUR,Active
344,KESCO,KESCO,CIRCLE I,ALOO MANDI,DEPUTY KA PADAO,INC-1,CHANDRIKA DEVI,51331120097A28,11,MIXED ABOVE 25%,DISTRICT HQ,IPDS,SECURE,X0362091,0.06,ALOO MANDI,Active
345,KESCO,KESCO,CIRCLE I,ALOO MANDI,AFEEMKOTHI,INC-1,JHAKARKATI BRIDGE,51331110033A16,11,MIXED ABOVE 25%,DISTRICT HQ,IPDS,SECURE,X2249850,1,ALOO MANDI,Active
346,KESCO,KESCO,CIRCLE I,NAWABGANJ,COMPANY BAGH,INC-1,RAINA MARKET,51331310021L31,11,MIXED ABOVE 25%,DISTRICT HQ,IPDS,SECURE,XB455687,1,NAWABGANJ,Active
347,KESCO,KESCO,CIRCLE I,NAWABGANJ,BHAIRO GHAT,INC-1,BANGLA PT,51331310022L25,11,MIXED ABOVE 25%,DISTRICT HQ,IPDS,SECURE,X1330016,0.06,NAWABGANJ,Active
348,KESCO,KESCO,CIRCLE I,ELECTRICITY HOUSE,GIC,INC-1,BAKAR MANDI,51331210004D22,11,MIXED ABOVE 25%,DISTRICT HQ,IPDS,LNT,14070097,2,ELECTRICITY HOUSE,Active
349,KESCO,KESCO,CIRCLE I,ELECTRICITY HOUSE,MUIR MILL,INC-2,CIVIL LINES,51331220005D28,11,MIXED ABOVE 25%,DISTRICT HQ,IPDS,SECURE,XB455686,2,ELECTRICITY HOUSE,Active
350,KESCO,KESCO,CIRCLE I,ELECTRICITY HOUSE,MUIR MILL,INC-1,MUIR MILL,51331220005D31,11,MIXED ABOVE 25%,DISTRICT HQ,IPDS,SECURE,XB455649,1,ELECTRICITY HOUSE,Active
351,KESCO,KESCO,CIRCLE III,DAHELI SUJANPUR,KOYLA NAGAR,INC-1,SATBARI,51333110075C23,11,OTHER,DISTRICT HQ,IPDS,SECURE,X0271183,1,DAHELI SUJANPUR,Active
352,KESCO,KESCO,CIRCLE II,WORLD BANK BARRA,TATYA TOPE NAGAR,INC-2,TATYA TOPE NAGAR,51332520054Q19,11,MIXED ABOVE 25%,DISTRICT HQ,IPDS,SECURE,X0271273,2,WORLD BANK BARRA,Active
353,KESCO,KESCO,CIRCLE II,GOVIND NAGAR,VIDYUT COLONY,INC-1,CHARAN SINGH,51332320047U33,11,MIXED ABOVE 25%,DISTRICT HQ,IPDS,SECURE,UPP51446,1,GOVIND NAGAR,Active
354,KESCO,KESCO,CIRCLE IV,SARVODAYA NAGAR,SARVODAYA NAGAR,INC-1,P BLOCK FEEDER,51334320094O11,11,MIXED ABOVE 25%,DISTRICT HQ,IPDS,SECURE,X1329598,0.08,SARVODAYA NAGAR,Active
355,KESCO,KESCO,CIRCLE IV,RATANPUR,RATANPUR,INC-1,RATANPUR,51332420049N25,11,MIXED ABOVE 25%,DISTRICT HQ,IPDS,SECURE,XC461196,1,RATANPUR,Active
356,KESCO,KESCO,CIRCLE IV,KALYANPUR,BARA SIROHI,INC-2,MADHAVPURAM,51334110101I41,11,MIXED ABOVE 25%,DISTRICT HQ,IPDS,SECURE,X0271277,2,KALYANPUR,Active
357,KESCO,KESCO,CIRCLE IV,KALYANPUR,IIPR,INC-1,IIPR FEEDER,51334120084I31,11,INDEPENDENT,DISTRICT HQ,IPDS,SECURE,X0692146,0.04,KALYANPUR,Active
358,KESCO,KESCO,CIRCLE I,ELECTRICITY HOUSE,RPH OLD GWAL TOLI,INC-1,UPFC,51331230001D13,11,MIXED ABOVE 25%,DISTRICT HQ,IPDS,SECURE,XB455732,1.5,ELECTRICITY HOUSE,Active
359,KESCO,KESCO,CIRCLE I,PHOOL BAGH,SARSIAYA GHAT,INC-2,DISTRICT COURT,51331430011M34,11,INDEPENDENT,DISTRICT HQ,IPDS,SECURE,UMV87591,1.5,PHOOL BAGH,Active
360,KESCO,KESCO,CIRCLE I,PHOOL BAGH,KHAS BAZAR,INC-2,BANGALI MOHAL,51331420006M83,11,MIXED ABOVE 25%,DISTRICT HQ,IPDS,SECURE,X1329905,0.06,PHOOL BAGH,Active
361,KESCO,KESCO,CIRCLE IV,KALYANPUR,AMBEDKARPURAM,INC-2,UNITED NAGAR,51334110082I37,11,MIXED ABOVE 25%,DISTRICT HQ,IPDS,SECURE,X0271133,1,KALYANPUR,Active
362,KESCO,KESCO,CIRCLE IV,KALYANPUR,KALYANPUR,INC-1,AVAS VIKAS -1,51334110079I20,11,MIXED ABOVE 25%,DISTRICT HQ,IPDS,SECURE,XB456715,1,KALYANPUR,Active
363,KESCO,KESCO,CIRCLE I,NAWABGANJ,B.S.PARK,INC-3,MEDICAL,51331320024L64,11,MIXED ABOVE 25%,DISTRICT HQ,IPDS,SECURE,XB455628,1,NAWABGANJ,Active
364,KESCO,KESCO,CIRCLE I,NAWABGANJ,B.S.PARK,INC-1,ARYA NAGAR,51331320024L62,11,MIXED ABOVE 25%,DISTRICT HQ,IPDS,SECURE,XB455695,1,NAWABGANJ,Active
365,KESCO,KESCO,CIRCLE I,NAWABGANJ,RPH NEW,INC-1,UP STOCK EXCHANGE,51331310023L13,11,MIXED ABOVE 25%,DISTRICT HQ,IPDS,SECURE,XB455690,1,NAWABGANJ,Active
366,KESCO,KESCO,CIRCLE III,HANSPURAM,HANSPURAM,INC-2,MACHHARIYA GADI,51333610071S41,11,OTHER,DISTRICT HQ,IPDS,SECURE,XB455619,2,HANSPURAM,Active
367,KESCO,KESCO,CIRCLE III,HANSPURAM,HANSPURAM,INC-1,TELEPHONE EXCHANGE,51333610071S39,11,OTHER,DISTRICT HQ,IPDS,SECURE,XB455720,2,HANSPURAM,Active
368,KESCO,KESCO,CIRCLE II,PARAG DAIRY,GOVIND NAGAR,INC-1,REGEANCY HOSPITAL,51332610046T40,11,INDEPENDENT,DISTRICT HQ,IPDS,SECURE,XB455656,1,PARAG DAIRY,Active
369,KESCO,KESCO,CIRCLE II,GUMTI,FAZAL GANJ,INC-2,TANEJA FEEDER,51332210040F40,11,MIXED ABOVE 50%,DISTRICT HQ,IPDS,SECURE,UPP51362,1,GUMTI,Active
370,KESCO,KESCO,CIRCLE I,ZAREEB CHOUKI,CHAMAN GAHNJ,INC-2,HUMAYUN BAGH,51331510030R25,11,MIXED ABOVE 25%,DISTRICT HQ,IPDS,SECURE,X1330381,0.06,ZAREEB CHOUKI,Active
371,KESCO,KESCO,CIRCLE I,PHOOL BAGH,CHHAPER,INC-2,CHAWAL MANDI,51331420007M96,11,MIXED ABOVE 25%,DISTRICT HQ,IPDS,SECURE,XB455646,1,PHOOL BAGH,Active
372,KESCO,KESCO,CIRCLE IV,KALYANPUR,BARA SIROHI,INC-1,BAMBA ROAD,51334110101I42,11,MIXED ABOVE 25%,DISTRICT HQ,IPDS,SECURE,X0456717,0.12,KALYANPUR,Active
373,KESCO,KESCO,CIRCLE IV,VIKAS NAGAR,BITHOOR,BITHOOR INCOMER NO. 1,SINGHPUR FEEDER,51334210090P30,11,MIXED ABOVE 25%,DISTRICT HQ,IPDS,SECURE,X0271248,1,VIKAS NAGAR,Active
374,KESCO,KESCO,CIRCLE IV,VIKAS NAGAR,VIKAS NAGAR,INC-2,HBTI COLONY,51334220086P32,11,MIXED ABOVE 25%,DISTRICT HQ,IPDS,GENUS,8908385,0.04,VIKAS NAGAR,Active
375,KESCO,KESCO,CIRCLE III,DAHELI SUJANPUR,SUJAT GANJ,INC-1,NIHURA GAON,51333120078C43,11,OTHER,DISTRICT HQ,IPDS,SECURE,UPP51438,1,DAHELI SUJANPUR,Active
376,KESCO,KESCO,CIRCLE II,KIDWAI NAGAR,40 DUKAN,INC-1,SOUTHX MALL,51333420066J30,11,INDEPENDENT,DISTRICT HQ,IPDS,SECURE,X2249848,1,KIDWAI NAGAR,Active
377,KESCO,KESCO,CIRCLE II,WORLD BANK BARRA,KARRAHI,INC-1,ARRA ROAD,51332510104Q30,11,MIXED ABOVE 25%,DISTRICT HQ,IPDS,SECURE,XC461197,1,WORLD BANK BARRA,Active
378,KESCO,KESCO,CIRCLE II,WORLD BANK BARRA,WORLD BANK BARRA,INC-2,JARAULI PHASE-1,51332510052Q15,11,MIXED ABOVE 25%,DISTRICT HQ,IPDS,SECURE,X0271215,1,WORLD BANK BARRA,Active
379,KESCO,KESCO,CIRCLE II,DADA NAGAR,ISPAT NAGAR,INC-1,EEMSPL,51332120039B69,11,INDEPENDENT,DISTRICT HQ,IPDS,SECURE,WBE13431,1,DADA NAGAR,Active
380,KESCO,KESCO,CIRCLE IV,SARVODAYA NAGAR,SARVODAYA NAGAR,INC-2,GURUDEV,51334320094O16,11,MIXED ABOVE 25%,DISTRICT HQ,IPDS,SECURE,X1330086,0.04,SARVODAYA NAGAR,Active
381,KESCO,KESCO,CIRCLE I,PHOOL BAGH,KHAS BAZAR,INC-2,MESTON ROAD NEW-26,51331420006M84,11,MIXED ABOVE 25%,DISTRICT HQ,IPDS,SECURE,X1329908,0.06,PHOOL BAGH,Active
382,KESCO,KESCO,CIRCLE I,PHOOL BAGH,KHAS BAZAR,INC-2,SHIVALA PT,51331420006M86,11,MIXED ABOVE 25%,DISTRICT HQ,IPDS,SECURE,X1329904,0.06,PHOOL BAGH,Active
383,KESCO,KESCO,CIRCLE I,PHOOL BAGH,JHADI BABA,INC-1,F-138 UTI CIVIL LINES,51331430014M46,11,MIXED ABOVE 25%,DISTRICT HQ,IPDS,SECURE,WBE13477,1.5,PHOOL BAGH,Active
384,KESCO,KESCO,CIRCLE I,PHOOL BAGH,PHOOL BAGH,INC-1,KARACHI KHANA,51331430008M11,11,MIXED ABOVE 25%,DISTRICT HQ,IPDS,SECURE,X1329478,0.06,PHOOL BAGH,Active
385,KESCO,KESCO,CIRCLE I,NAWABGANJ,CSA,INC-1,CSA,51331310023L34,11,MIXED ABOVE 25%,DISTRICT HQ,IPDS,SECURE,X0361791,0.06,NAWABGANJ,Active
386,KESCO,KESCO,CIRCLE I,NAWABGANJ,HALLET MEDICAL COLLEGE,INC-1,MOTI JHEEL,51331320027L83,11,MIXED ABOVE 25%,DISTRICT HQ,IPDS,SECURE,X0038722,0.04,NAWABGANJ,Active
387,KESCO,KESCO,CIRCLE I,ELECTRICITY HOUSE,RPH OLD GWAL TOLI,INC-3,ROOPAM,51331230001D21,11,MIXED ABOVE 25%,DISTRICT HQ,IPDS,SECURE,XB455635,1.5,ELECTRICITY HOUSE,Active
388,KESCO,KESCO,CIRCLE IV,VIKAS NAGAR,SINGHPUR,INC-1,ISCON TEMPLE,51334210089P44,11,MIXED ABOVE 25%,DISTRICT HQ,IPDS,SECURE,XB455723,1,VIKAS NAGAR,Active
389,KESCO,KESCO,CIRCLE III,DAHELI SUJANPUR,DELHI SUJANPUR,INC-1,KDA COLONY,51333110077C13,11,OTHER,DISTRICT HQ,IPDS,LNT,17090513,0.06,DAHELI SUJANPUR,Active
390,KESCO,KESCO,CIRCLE III,NAUBASTA,PASHUPATI NAGAR,INC-1,BUS STOP,51333520069K37,11,OTHER,DISTRICT HQ,IPDS,SECURE,XC461165,1,NAUBASTA,Active
391,KESCO,KESCO,CIRCLE III,HARRIS GANJ,HARISH GANJ,INC-2,PARACHUTE,51333210057G36,11,INDEPENDENT,DISTRICT HQ,IPDS,SECURE,XC461160,1,HARRIS GANJ,Active
392,KESCO,KESCO,CIRCLE II,GOVIND NAGAR,DABAULI,INC-1,DABAULI SUB STATION FEEDER,51332310045U39,11,SUBSTATION,DISTRICT HQ,IPDS,SECURE,X0271142,1,GOVIND NAGAR,Active
393,KESCO,KESCO,CIRCLE IV,SARVODAYA NAGAR,SARVODAYA NAGAR,INC-1,GEETA NAGAR,51334320094O12,11,MIXED ABOVE 25%,DISTRICT HQ,IPDS,SECURE,X1329595,0.04,SARVODAYA NAGAR,Active
394,KESCO,KESCO,CIRCLE II,GUMTI,FAZAL GANJ,INCOMING-III (G-4),STATE BANK,51332210040F65,11,MIXED ABOVE 50%,DISTRICT HQ,IPDS,SECURE,X0271203,1,GUMTI,Active
395,KESCO,KESCO,CIRCLE I,PHOOL BAGH,PHOOL BAGH,INC-1,TAR GHAR,51331430008M13,11,MIXED ABOVE 25%,DISTRICT HQ,IPDS,SECURE,X1329477,0.06,PHOOL BAGH,Active
396,KESCO,KESCO,CIRCLE IV,KALYANPUR,BARA SIROHI,INC-1,NEW GOA GARDEN,51334110101I43,11,MIXED ABOVE 25%,DISTRICT HQ,IPDS,SECURE,XC408462,2,KALYANPUR,Active
397,KESCO,KESCO,CIRCLE I,NAWABGANJ,RPH NEW,INC-1,NAMAMI GANGE,51331310023L10,11,MIXED ABOVE 25%,DISTRICT HQ,IPDS,SECURE,XB455654,1,NAWABGANJ,Active
398,KESCO,KESCO,CIRCLE IV,VIKAS NAGAR,SINGHPUR,INC-1,CHINTAL,51334210089P42,11,MIXED ABOVE 25%,DISTRICT HQ,IPDS,SECURE,XB455684,1,VIKAS NAGAR,Active
399,KESCO,KESCO,CIRCLE III,DAHELI SUJANPUR,37 PAC,INC-2,GADIYANA,51333110096C57,11,OTHER,DISTRICT HQ,IPDS,SECURE,XC461161,1,DAHELI SUJANPUR,Active
400,KESCO,KESCO,CIRCLE III,DAHELI SUJANPUR,SUJAT GANJ,INC-2,HARI HAR DHAM,51333120078C19,11,OTHER,DISTRICT HQ,IPDS,SECURE,UPP51423,2,DAHELI SUJANPUR,Active
401,KESCO,KESCO,CIRCLE III,HARRIS GANJ,HARISH GANJ,INC-1,CENTRAL RAILWAY STATION,51333210057G39,11,INDEPENDENT,DISTRICT HQ,IPDS,SECURE,XC461206,1,HARRIS GANJ,Active
402,KESCO,KESCO,CIRCLE III,JAJMAU,SANJAY NAGAR,INC-2,TEEN KHAMBA,51333310060H60,11,INDUSTRIAL ABOVE 75%,DISTRICT HQ,IPDS,SECURE,X0271197,1,JAJMAU,Active
403,KESCO,KESCO,CIRCLE III,JAJMAU,POKHARPUR,INC-2,SHIV GODAWARI,51333320062H44,11,OTHER,DISTRICT HQ,IPDS,SECURE,X0271155,1,JAJMAU,Active
404,KESCO,KESCO,CIRCLE II,DADA NAGAR,POLYMAR,INC-2,E-BLOCK,51332110036B30,11,INDUSTRIAL ABOVE 75%,DISTRICT HQ,IPDS,SECURE,X2249903,1,DADA NAGAR,Active
405,KESCO,KESCO,CIRCLE IV,SARVODAYA NAGAR,NAMAK FACTORY,INC-1,RAWATPUR GAON,51334320095O31,11,MIXED ABOVE 25%,DISTRICT HQ,IPDS,SECURE,UPP51391,2,SARVODAYA NAGAR,Active
406,KESCO,KESCO,CIRCLE IV,SARVODAYA NAGAR,RTO,INC-2,MOTI VIHAR,51334310092O28,11,MIXED ABOVE 25%,DISTRICT HQ,IPDS,SECURE,UPP51397,1,SARVODAYA NAGAR,Active
407,KESCO,KESCO,CIRCLE II,GUMTI,FAZAL GANJ,INC-1,FIRE BRIGADE FEEDER,51332210040F36,11,MIXED ABOVE 50%,DISTRICT HQ,IPDS,SECURE,UPP51369,1,GUMTI,Active
408,KESCO,KESCO,CIRCLE I,ZAREEB CHOUKI,CHAMAN GAHNJ,INC-1,PLOT NO.4,51331510030R12,11,MIXED ABOVE 25%,DISTRICT HQ,IPDS,SECURE,X1330380,0.06,ZAREEB CHOUKI,Active
409,KESCO,KESCO,CIRCLE I,PHOOL BAGH,SHANI DEO MANDIR,INC-1,SHANKER GANJ,51331410017M72,11,MIXED ABOVE 25%,DISTRICT HQ,IPDS,SECURE,X1329942,0.06,PHOOL BAGH,Active
410,KESCO,KESCO,CIRCLE I,NAWABGANJ,B.S.PARK,INC-1,GANGOTRI,51331320024L61,11,MIXED ABOVE 25%,DISTRICT HQ,IPDS,SECURE,XB455664,1,NAWABGANJ,Active
411,KESCO,KESCO,CIRCLE I,NAWABGANJ,BHAIRO GHAT,INC-1,VIDHYUT SHAV DAH GRIH,51331310022L26,11,MIXED ABOVE 25%,DISTRICT HQ,IPDS,SECURE,X1330014,0.06,NAWABGANJ,Active
412,KESCO,KESCO,CIRCLE I,ELECTRICITY HOUSE,RPH OLD GWAL TOLI,INC-1,JIVAN JYOTI,51331230001D14,11,MIXED ABOVE 25%,DISTRICT HQ,IPDS,SECURE,XB455734,1.5,ELECTRICITY HOUSE,Active
413,KESCO,KESCO,CIRCLE IV,VIKAS NAGAR,BITHOOR,BITHOOR INCOMER NO. 1,BITHOOR FEEDER,51334210090P29,11,MIXED ABOVE 25%,DISTRICT HQ,IPDS,SECURE,X0271245,1,VIKAS NAGAR,Active
414,KESCO,KESCO,CIRCLE IV,VIKAS NAGAR,VIKAS NAGAR,INC-1,NAGAR NIGAM MARKET,51334220086P54,11,MIXED ABOVE 25%,DISTRICT HQ,IPDS,SECURE,UMV87727,2,VIKAS NAGAR,Active
415,KESCO,KESCO,CIRCLE III,JAJMAU,POKHARPUR,INC-3,PARDEWANPUR,51333320062H32,11,OTHER,DISTRICT HQ,IPDS,SECURE,X1575632,2,JAJMAU,Active
416,KESCO,KESCO,CIRCLE III,JAJMAU,POKHARPUR,INC-2,GOLF CLUB,51333320062H55,11,MIXED ABOVE 50%,DISTRICT HQ,IPDS,SECURE,WBE13440,1.5,JAJMAU,Active
417,KESCO,KESCO,CIRCLE II,WORLD BANK BARRA,KARRAHI,INC-1,NEW DAMODAR NAGAR,51332510100Q26,11,MIXED ABOVE 25%,DISTRICT HQ,IPDS,SECURE,XC461161,1,WORLD BANK BARRA,Active
418,KESCO,KESCO,CIRCLE II,GOVIND NAGAR,VIDYUT COLONY,INC-2,BARRA PANI KI TANKI,51332320047U41,11,MIXED ABOVE 25%,DISTRICT HQ,IPDS,SECURE,UMV88103,2,GOVIND NAGAR,Active
419,KESCO,KESCO,CIRCLE II,DADA NAGAR,POLYMAR,INC-3,E-BLOCK NEW,51332110036B63,11,INDUSTRIAL ABOVE 75%,DISTRICT HQ,IPDS,SECURE,X2249867,1,DADA NAGAR,Active
420,KESCO,KESCO,CIRCLE II,DADA NAGAR,DADA NAGAR,INC-2,B BLOCK NEW SPARE FEEDER,51332110035B18,11,INDUSTRIAL ABOVE 75%,DISTRICT HQ,IPDS,SECURE,HRT95325,2,DADA NAGAR,Active
421,KESCO,KESCO,CIRCLE II,DADA NAGAR,DADA NAGAR,INC-1,DN EAST,51332110035B42,11,INDUSTRIAL ABOVE 75%,DISTRICT HQ,IPDS,SECURE,HRT95329,2,DADA NAGAR,Active
422,KESCO,KESCO,CIRCLE IV,VIKAS NAGAR,KESA COLONY,KESA COLONY INCOMER NO. 1,15MLD-I,51334220099P60,11,INDEPENDENT,DISTRICT HQ,IPDS,SECURE,XB455708,1,VIKAS NAGAR,Active
423,KESCO,KESCO,CIRCLE III,DAHELI SUJANPUR,37 PAC,INC-2,NATIONAL PUBLIC SCHOOL,51333110096C55,11,OTHER,DISTRICT HQ,IPDS,SECURE,XC461162,1,DAHELI SUJANPUR,Active
424,KESCO,KESCO,CIRCLE III,HARRIS GANJ,ROOMA HAL,INC-1,HAL,51333220055G26,11,OTHER,DISTRICT HQ,IPDS,SECURE,XB455645,2,HARRIS GANJ,Active
425,KESCO,KESCO,CIRCLE I,PHOOL BAGH,CHHAPER,INC-1,DHANKUTTI,51331420007M91,11,MIXED ABOVE 25%,DISTRICT HQ,IPDS,SECURE,XB455740,1,PHOOL BAGH,Active
426,KESCO,KESCO,CIRCLE I,PHOOL BAGH,DAL MANDI,INC-1,BIRHANA ROAD,51331410015M50,11,MIXED ABOVE 25%,DISTRICT HQ,IPDS,SECURE,XB455634,1,PHOOL BAGH,Active
427,KESCO,KESCO,CIRCLE I,PHOOL BAGH,GHANTA GHAR,INC-1,F-1 DAL MANDI,51331410016M62,11,MIXED ABOVE 25%,DISTRICT HQ,IPDS,SECURE,X0038663,0.06,PHOOL BAGH,Active
428,KESCO,KESCO,CIRCLE III,HARRIS GANJ,RING ROAD,INC-3,RND COLLAGE,51333220056G23,11,OTHER,DISTRICT HQ,IPDS,SECURE,XC461171,1,HARRIS GANJ,Active
429,KESCO,KESCO,CIRCLE II,KIDWAI NAGAR,BABUPURWA,INC-2,TP NAGAR,51333410063J24,11,MIXED ABOVE 25%,DISTRICT HQ,IPDS,SECURE,XB455672,1,KIDWAI NAGAR,Active
430,KESCO,KESCO,CIRCLE II,GOVIND NAGAR,DABAULI,INC-2,DABAULI,51332310045U12,11,MIXED ABOVE 25%,DISTRICT HQ,IPDS,SECURE,X0271152,1,GOVIND NAGAR,Active
431,KESCO,KESCO,CIRCLE II,DADA NAGAR,POLYMAR,INC-1,SPARSH PACKAGING,51332110036B52,11,INDEPENDENT,DISTRICT HQ,IPDS,SECURE,X2249882,1,DADA NAGAR,Active
432,KESCO,KESCO,CIRCLE II,DADA NAGAR,UDYOG KUNJ,INC-2,MAIN ROAD,51332110037B21,11,INDUSTRIAL ABOVE 75%,DISTRICT HQ,IPDS,SECURE,50010254,0.08,DADA NAGAR,Active
433,KESCO,KESCO,CIRCLE II,DADA NAGAR,DADA NAGAR,INC-4,HONDA,51332110035B23,11,INDUSTRIAL ABOVE 75%,DISTRICT HQ,IPDS,SECURE,X1575630,2,DADA NAGAR,Active
434,KESCO,KESCO,CIRCLE IV,RATANPUR,RATANPUR,INC-1,SHATABDI NAGAR,51332420049N27,11,MIXED ABOVE 25%,DISTRICT HQ,IPDS,SECURE,XC408469,1,RATANPUR,Active
435,KESCO,KESCO,CIRCLE I,ALOO MANDI,AFEEMKOTHI,INC-1,CARWALO NAGAR,51331110033A12,11,MIXED ABOVE 25%,DISTRICT HQ,IPDS,SECURE,X2249868,1,ALOO MANDI,Active
436,KESCO,KESCO,CIRCLE I,ZAREEB CHOUKI,ZAREEB CHOUKI,INC-2,BHANNA PURWA,51331510028R19,11,MIXED ABOVE 25%,DISTRICT HQ,IPDS,SECURE,XB155689,1,ZAREEB CHOUKI,Active
437,KESCO,KESCO,CIRCLE I,ZAREEB CHOUKI,ZAREEB CHOUKI,INC-1,P ROAD,51331510028R14,11,MIXED ABOVE 25%,DISTRICT HQ,IPDS,SECURE,XB455698,2,ZAREEB CHOUKI,Active
438,KESCO,KESCO,CIRCLE I,PHOOL BAGH,SHANI DEO MANDIR,INC-1,MALL ROAD,51331410017M70,11,MIXED ABOVE 25%,DISTRICT HQ,IPDS,SECURE,X1329943,0.06,PHOOL BAGH,Active
439,KESCO,KESCO,CIRCLE I,PHOOL BAGH,DAL MANDI,INC-2,ST. JOHN,51331410015M54,11,MIXED ABOVE 25%,DISTRICT HQ,IPDS,SECURE,XB455729,1,PHOOL BAGH,Active
440,KESCO,KESCO,CIRCLE I,ELECTRICITY HOUSE,MALL ROAD,INC-2,NAI SADAK,51331210003D35,11,MIXED ABOVE 25%,DISTRICT HQ,IPDS,SECURE,XB455700,1,ELECTRICITY HOUSE,Active
441,KESCO,KESCO,CIRCLE III,HANSPURAM,HANSPURAM,INC-2,PAL CHAURAHA,51333610071S58,11,OTHER,DISTRICT HQ,IPDS,SECURE,XB455622,2,HANSPURAM,Active
442,KESCO,KESCO,CIRCLE IV,VIKAS NAGAR,DAYANAND VIHAR,INC-2,PRESIDENT FEEDER,51334210087P58,11,INDEPENDENT,DISTRICT HQ,IPDS,LNT,17090477,2,VIKAS NAGAR,Active
443,KESCO,KESCO,CIRCLE IV,VIKAS NAGAR,DAYANAND VIHAR,INC-2,INDRA NAGAR,51334210087P39,11,MIXED ABOVE 25%,DISTRICT HQ,IPDS,SECURE,X1329576,0.06,VIKAS NAGAR,Active
444,KESCO,KESCO,CIRCLE III,JAJMAU,WAZIDPUR,INC-1,ALADAD,51333310061H56,11,INDEPENDENT,DISTRICT HQ,IPDS,SECURE,XB455727,1,JAJMAU,Active
445,KESCO,KESCO,CIRCLE III,JAJMAU,WAZIDPUR,INC-1,DURGA MANDIR,51333310061H49,11,INDUSTRIAL ABOVE 75%,DISTRICT HQ,IPDS,SECURE,XB455643,1,JAJMAU,Active
446,KESCO,KESCO,CIRCLE II,KIDWAI NAGAR,HORSEMAN BAGH,INC-1,KDA RESIDENCY,51333410063J31,11,INDEPENDENT,DISTRICT HQ,IPDS,SECURE,X0271211,1,KIDWAI NAGAR,Active
447,KESCO,KESCO,CIRCLE II,KIDWAI NAGAR,H BLOCK,INC-2,SOTE BABA MANDIR,51333420064J28,11,MIXED ABOVE 25%,DISTRICT HQ,IPDS,LNT,12340790,0.08,KIDWAI NAGAR,Active
448,KESCO,KESCO,CIRCLE II,KIDWAI NAGAR,H BLOCK,INC-2,JANGALI DEVI,51333420064J25,11,MIXED ABOVE 25%,DISTRICT HQ,IPDS,SECURE,X0038673,0.04,KIDWAI NAGAR,Active
449,KESCO,KESCO,CIRCLE II,KIDWAI NAGAR,H BLOCK,INC-1,STADIUM,51333420064J16,11,MIXED ABOVE 25%,DISTRICT HQ,IPDS,SECURE,UPP51435,1,KIDWAI NAGAR,Active
450,KESCO,KESCO,CIRCLE II,GOVIND NAGAR,E BLOCK GUJAINI,INC-1,EXCISE COLONY,51332310100U42,11,MIXED ABOVE 25%,DISTRICT HQ,IPDS,SECURE,XB455618,1,GOVIND NAGAR,Active
451,KESCO,KESCO,CIRCLE II,GOVIND NAGAR,DABAULI,INC-1,SOUTH FEEDER,51332310045U28,11,MIXED ABOVE 25%,DISTRICT HQ,IPDS,SECURE,X0271139,1,GOVIND NAGAR,Active
452,KESCO,KESCO,CIRCLE II,DADA NAGAR,ISPAT NAGAR,INC-2,ISPAT NAGAR,51332120039B46,11,MIXED ABOVE 50%,DISTRICT HQ,IPDS,SECURE,X0271157,1,DADA NAGAR,Active
453,KESCO,KESCO,CIRCLE IV,RATANPUR,RATANPUR,INC-2,GANGAGANJ,51332420049N24,11,MIXED ABOVE 25%,DISTRICT HQ,IPDS,SECURE,XC461176,1,RATANPUR,Active
454,KESCO,KESCO,CIRCLE I,PHOOL BAGH,CHHAPER,INC-1,MESTON ROAD,51331420007M98,11,MIXED ABOVE 25%,DISTRICT HQ,IPDS,SECURE,XB455742,1,PHOOL BAGH,Active
455,KESCO,KESCO,CIRCLE I,PHOOL BAGH,DAL MANDI,INC-2,BHOOSA TOLI,51331410015M55,11,MIXED ABOVE 25%,DISTRICT HQ,IPDS,SECURE,XB455661,1,PHOOL BAGH,Active
456,KESCO,KESCO,CIRCLE I,PHOOL BAGH,SARSIAYA GHAT,INC-1,DAV COLLEGE,51331430011M31,11,MIXED ABOVE 25%,DISTRICT HQ,IPDS,SECURE,X2145592,0.06,PHOOL BAGH,Active
457,KESCO,KESCO,CIRCLE I,NAWABGANJ,CSA,INC-1,BEEMA CHAURAHA,51331310098L20,11,MIXED ABOVE 25%,DISTRICT HQ,IPDS,SECURE,X0361789,0.06,NAWABGANJ,Active
458,KESCO,KESCO,CIRCLE I,NAWABGANJ,BENAJHABER,INC-2,200MLD JAL SANSTHAN,51331320025L72,11,INDEPENDENT,DISTRICT HQ,IPDS,SECURE,X1329640,0.04,NAWABGANJ,Active
459,KESCO,KESCO,CIRCLE I,NAWABGANJ,HALLET MEDICAL COLLEGE,INC-1,PALM COURT,51331320027L81,11,MIXED ABOVE 25%,DISTRICT HQ,IPDS,SECURE,X0038721,0.08,NAWABGANJ,Active
460,KESCO,KESCO,CIRCLE I,ELECTRICITY HOUSE,GIC,INC-2,BUM POLICE,51331210002D39,11,MIXED ABOVE 25%,DISTRICT HQ,IPDS,LNT,17087318,1,ELECTRICITY HOUSE,Active
461,KESCO,KESCO,CIRCLE IV,VIKAS NAGAR,VIKAS NAGAR,INC-1,TUBEWELL,51334220086P37,11,MIXED ABOVE 25%,DISTRICT HQ,IPDS,SECURE,UPP51394,2,VIKAS NAGAR,Active
462,KESCO,KESCO,CIRCLE III,NAUBASTA,K BLOCK,INC-1,SIDDHU BHAWAN,51333520070K45,11,OTHER,DISTRICT HQ,IPDS,SECURE,UPP51404,2,NAUBASTA,Active
463,KESCO,KESCO,CIRCLE II,KIDWAI NAGAR,BABUPURWA,INC-1,ANAND PURI,51333410063J22,11,MIXED ABOVE 25%,DISTRICT HQ,IPDS,SECURE,XB455694,1,KIDWAI NAGAR,Active
464,KESCO,KESCO,CIRCLE II,KIDWAI NAGAR,H BLOCK,INC-1,NEW LABOUR COLONY,51333420064J13,11,MIXED ABOVE 25%,DISTRICT HQ,IPDS,SECURE,UPP51417,1,KIDWAI NAGAR,Active
465,KESCO,KESCO,CIRCLE II,WORLD BANK BARRA,KARRAHI,INC-2,KARRAHI,51332510100Q27,11,MIXED ABOVE 25%,DISTRICT HQ,IPDS,SECURE,XC461163,1,WORLD BANK BARRA,Active
466,KESCO,KESCO,CIRCLE II,WORLD BANK BARRA,WORLD BANK BARRA,INC-3,JARAULI PHASE-2,51332510052Q24,11,MIXED ABOVE 25%,DISTRICT HQ,IPDS,SECURE,X0271201,1,WORLD BANK BARRA,Active
467,KESCO,KESCO,CIRCLE II,GOVIND NAGAR,DABAULI,INC-3,RATAN LAL NAGAR,51332310045U17,11,MIXED ABOVE 25%,DISTRICT HQ,IPDS,SECURE,X0271135,1,GOVIND NAGAR,Active
468,KESCO,KESCO,CIRCLE II,DADA NAGAR,MEETA SARAI,INC-2,MEETA SARAI GAON,51332120038B14,11,MIXED ABOVE 25%,DISTRICT HQ,IPDS,SECURE,X0362108,0.04,DADA NAGAR,Active
469,KESCO,KESCO,CIRCLE IV,SARVODAYA NAGAR,SARVODAYA NAGAR,INC-1,MP MILL,51334320094O13,11,MIXED ABOVE 25%,DISTRICT HQ,IPDS,SECURE,X1329596,0.04,SARVODAYA NAGAR,Active
470,KESCO,KESCO,CIRCLE IV,RATANPUR,SHASTRI NAGAR,INC-1,VIJAY NAGAR,51332410048N21,11,MIXED ABOVE 25%,DISTRICT HQ,IPDS,SECURE,X0271134,1,RATANPUR,Active
471,KESCO,KESCO,CIRCLE II,GUMTI,FAZAL GANJ,INCOMING-IV (G-1),KANPUR SHETALYA,51332210040F35,11,MIXED ABOVE 50%,DISTRICT HQ,IPDS,SECURE,UPP51371,1,GUMTI,Active
472,KESCO,KESCO,CIRCLE I,ZAREEB CHOUKI,CHAMAN GAHNJ,INC-1,PREM NAGAR,51331510030R24,11,MIXED ABOVE 25%,DISTRICT HQ,IPDS,SECURE,X1330379,0.06,ZAREEB CHOUKI,Active
473,KESCO,KESCO,CIRCLE I,NAWABGANJ,BENAJHABER,INC-1,HARSH NAGAR,51331320026L74,11,MIXED ABOVE 25%,DISTRICT HQ,IPDS,SECURE,X1329643,0.04,NAWABGANJ,Active
474,KESCO,KESCO,CIRCLE I,NAWABGANJ,RPH NEW,INC-1,LIGHT HOUSE,51331310023L11,11,MIXED ABOVE 25%,DISTRICT HQ,IPDS,SECURE,XB455636,1,NAWABGANJ,Active
475,KESCO,KESCO,CIRCLE III,HANSPURAM,MANDI SAMITI,INC-2,SHAHEED PARK,51333620072S42,11,OTHER,DISTRICT HQ,IPDS,LNT,17136645,0.06,HANSPURAM,Active
476,KESCO,KESCO,CIRCLE III,HANSPURAM,HANSPURAM,INC-2,WATER PARK,51333610071S38,11,OTHER,DISTRICT HQ,IPDS,SECURE,XB455741,2,HANSPURAM,Active
477,KESCO,KESCO,CIRCLE I,ALOO MANDI,CHEENAPARK,INC-1,BANS MANDI,51331120031A20,11,MIXED ABOVE 25%,DISTRICT HQ,IPDS,SECURE,X1329583,0.06,ALOO MANDI,Active
478,KESCO,KESCO,CIRCLE II,PARAG DAIRY,GOVIND NAGAR,INC-1,CHAWLA MARKET,51332610046T21,11,MIXED ABOVE 25%,DISTRICT HQ,IPDS,SECURE,XB455663,2,PARAG DAIRY,Active
479,KESCO,KESCO,CIRCLE II,PARAG DAIRY,GOVIND NAGAR,INC-2,NANDLAL-II,51332610046T24,11,MIXED ABOVE 25%,DISTRICT HQ,IPDS,SECURE,XB455640,1,PARAG DAIRY,Active
480,KESCO,KESCO,CIRCLE I,ALOO MANDI,ALOOMANDI,INC-2,BHAGAT SINGH,51331110032A30,11,MIXED ABOVE 25%,DISTRICT HQ,IPDS,SECURE,UPP51370,1,ALOO MANDI,Active
481,KESCO,KESCO,CIRCLE III,HARRIS GANJ,AHIRWA,INC-2,AIRPORT GATE FEEDER,51333220105G54,11,OTHER,DISTRICT HQ,IPDS,SECURE,XB455658,1,HARRIS GANJ,Active
482,KESCO,KESCO,CIRCLE III,HARRIS GANJ,ROOMA UPSIDC,INC-1,AXIS COLLEGE,51333220058G30,11,INDUSTRIAL ABOVE 75%,DISTRICT HQ,IPDS,SECURE,X0271219,1,HARRIS GANJ,Active
483,KESCO,KESCO,CIRCLE III,HARRIS GANJ,HARISH GANJ,INC-3,RAIL BAZAR,51333210057G14,11,OTHER,DISTRICT HQ,IPDS,SECURE,UPP51373,1,HARRIS GANJ,Active
484,KESCO,KESCO,CIRCLE III,JAJMAU,SANJAY NAGAR,INC-1,BEEMA CHAURAHA,51333310060H42,11,INDUSTRIAL ABOVE 75%,DISTRICT HQ,IPDS,SECURE,X0271204,1,JAJMAU,Active
485,KESCO,KESCO,CIRCLE III,JAJMAU,CHABILEPURWA,INC-3,MOTI NAGAR,51333310059H47,11,OTHER,DISTRICT HQ,IPDS,SECURE,X0038776,0.12,JAJMAU,Active
486,KESCO,KESCO,CIRCLE II,WORLD BANK BARRA,GUJAINI,INC-1,VARUN VIHAR,51332520053Q17,11,MIXED ABOVE 25%,DISTRICT HQ,IPDS,SECURE,X0271162,1,WORLD BANK BARRA,Active
487,KESCO,KESCO,CIRCLE II,DADA NAGAR,DADA NAGAR,INC-2,A1 FEEDER,51332110035B61,11,INDUSTRIAL ABOVE 75%,DISTRICT HQ,IPDS,SECURE,HRT95708,2,DADA NAGAR,Active
488,KESCO,KESCO,CIRCLE IV,SARVODAYA NAGAR,RTO,INC-1,SARVODAYA NAGAR,51334310092O24,11,MIXED ABOVE 25%,DISTRICT HQ,IPDS,SECURE,X0038653,0.08,SARVODAYA NAGAR,Active
489,KESCO,KESCO,CIRCLE II,GUMTI,GIRDHAR COLD STORAGE,INCOMING-1 (G-1),JUHI MARSHLING YARD,51332210041F46,11,INDUSTRIAL ABOVE 75%,DISTRICT HQ,IPDS,SECURE,WBE13444,1,GUMTI,Active
490,KESCO,KESCO,CIRCLE II,GUMTI,FAZAL GANJ,INCOMING-III (G-4),JK JUTE MILL,51332210040F37,11,MIXED ABOVE 50%,DISTRICT HQ,IPDS,SECURE,X0271292,2,GUMTI,Active
491,KESCO,KESCO,CIRCLE II,GUMTI,KALPI ROAD,INC-1,RATANLOK,51332220043F39,11,MIXED ABOVE 25%,DISTRICT HQ,IPDS,SECURE,UPP51441,1,GUMTI,Active
492,KESCO,KESCO,CIRCLE I,ZAREEB CHOUKI,JAWAHAR NAGAR,INC-1,SISAMAU MARKET,51331520029R18,11,MIXED ABOVE 25%,DISTRICT HQ,IPDS,SECURE,WBE13466,2,ZAREEB CHOUKI,Active
493,KESCO,KESCO,CIRCLE IV,KALYANPUR,MAHABALIPURAM,INC-1,SHOBHAN MAKRANA,51334120083I19,11,MIXED ABOVE 25%,DISTRICT HQ,IPDS,SECURE,X0692297,0.04,KALYANPUR,Active
494,KESCO,KESCO,CIRCLE IV,KALYANPUR,MAHABALIPURAM,INC-1,MAHABALIPURAM,51334120083I15,11,MIXED ABOVE 25%,DISTRICT HQ,IPDS,SECURE,X0692107,0.04,KALYANPUR,Active
495,KESCO,KESCO,CIRCLE I,NAWABGANJ,COMPANY BAGH,INC-1,KAMLA RETREAT,51331310021L32,11,MIXED ABOVE 25%,DISTRICT HQ,IPDS,SECURE,XB455662,1,NAWABGANJ,Active
496,KESCO,KESCO,CIRCLE I,NAWABGANJ,HALLET MEDICAL COLLEGE,INC-2,HALLET HOSPITAL,51331320027L84,11,MIXED ABOVE 25%,DISTRICT HQ,IPDS,SECURE,X1330359,0.08,NAWABGANJ,Active
497,KESCO,KESCO,CIRCLE IV,VIKAS NAGAR,DAYANAND VIHAR,INC-2,NEW AZADNAGAR,51334210087P36,11,MIXED ABOVE 25%,DISTRICT HQ,IPDS,SECURE,X1329577,0.06,VIKAS NAGAR,Active
498,KESCO,KESCO,CIRCLE III,DAHELI SUJANPUR,DELHI SUJANPUR,INC-2,MANGLA VIHAR,51333110077C14,11,OTHER,DISTRICT HQ,IPDS,LNT,17090512,1,DAHELI SUJANPUR,Active
499,KESCO,KESCO,CIRCLE III,DAHELI SUJANPUR,DELHI SUJANPUR,INC-2,SHYAM NAGAR,51333110077C12,11,OTHER,DISTRICT HQ,IPDS,LNT,17090510,1,DAHELI SUJANPUR,Active
500,KESCO,KESCO,CIRCLE III,NAUBASTA,PASHUPATI NAGAR,INC-2,PASHUPATI NAGAR 2,51333520069K50,11,OTHER,DISTRICT HQ,IPDS,SECURE,XC461159,1,NAUBASTA,Active
501,KESCO,KESCO,CIRCLE III,NAUBASTA,NAUBASTA,INC-1,NAUBASTA SUBSTATION FEEDER,51333510067K20,11,OTHER,DISTRICT HQ,IPDS,LNT,X0038671,1,NAUBASTA,Active
502,KESCO,KESCO,CIRCLE III,NAUBASTA,NAUBASTA,INC-3,GULMOHAR,51333510067K30,11,OTHER,DISTRICT HQ,IPDS,LNT,17090469,1,NAUBASTA,Active
503,KESCO,KESCO,CIRCLE II,KIDWAI NAGAR,PARAM PURWA SUBSTATION,INC-1,MILITARY CAMP,51333420065J11,11,MIXED ABOVE 25%,DISTRICT HQ,IPDS,SECURE,XC408468,1,KIDWAI NAGAR,Active
504,KESCO,KESCO,CIRCLE II,KIDWAI NAGAR,BABUPURWA,INC-2,BAKER GANJ,51333410063J27,11,MIXED ABOVE 25%,DISTRICT HQ,IPDS,SECURE,XB455720,1,KIDWAI NAGAR,Active
505,KESCO,KESCO,CIRCLE II,DADA NAGAR,DADA NAGAR,INC-2,V.K PACK WELL,51332110035B13,11,INDEPENDENT,DISTRICT HQ,IPDS,SECURE,HRT95707,1,DADA NAGAR,Active
506,KESCO,KESCO,CIRCLE IV,SARVODAYA NAGAR,NAMAK FACTORY,INC-2,RAM LALA,51334320095O36,11,MIXED ABOVE 25%,DISTRICT HQ,IPDS,SECURE,X0271124,1,SARVODAYA NAGAR,Active
507,KESCO,KESCO,CIRCLE IV,SARVODAYA NAGAR,RTO,INC-2,RANJEET NAGAR,51334310092O29,11,MIXED ABOVE 25%,DISTRICT HQ,IPDS,SECURE,UPP51398,1,SARVODAYA NAGAR,Active
508,KESCO,KESCO,CIRCLE IV,SARVODAYA NAGAR,NAVEEN NAGAR,INC-1,SURAJ NURSING HOME,51334310091O41,11,INDEPENDENT,DISTRICT HQ,IPDS,SECURE,X0271199,1,SARVODAYA NAGAR,Active
509,KESCO,KESCO,CIRCLE II,GUMTI,FAZAL GANJ,INC-1,INDUSTRIAL ESTATE,51332210040F62,11,MIXED ABOVE 50%,DISTRICT HQ,IPDS,SECURE,UPP51379,1,GUMTI,Active
510,KESCO,KESCO,CIRCLE I,PHOOL BAGH,JHADI BABA,INC-1,GOLA GHAT,51331430014M40,11,MIXED ABOVE 25%,DISTRICT HQ,IPDS,SECURE,WBE13474,1.5,PHOOL BAGH,Active
511,KESCO,KESCO,CIRCLE IV,KALYANPUR,MAHABALIPURAM,INC-1,PATEL PARK,51334120083I44,11,MIXED ABOVE 25%,DISTRICT HQ,IPDS,SECURE,X0692105,0.04,KALYANPUR,Active
512,KESCO,KESCO,CIRCLE I,NAWABGANJ,B.S.PARK,INC-3,IDGAH,51331320024L65,11,MIXED ABOVE 25%,DISTRICT HQ,IPDS,SECURE,XB455660,1,NAWABGANJ,Active
513,KESCO,KESCO,CIRCLE I,NAWABGANJ,HALLET MEDICAL COLLEGE,INC-2,JK CANCER,51331320027L82,11,MIXED ABOVE 25%,DISTRICT HQ,IPDS,SECURE,X1329642,0.04,NAWABGANJ,Active
514,KESCO,KESCO,CIRCLE IV,VIKAS NAGAR,DAYANAND VIHAR,INC-1,GULMOHAR,51334210087P41,11,OTHER,DISTRICT HQ,IPDS,SECURE,X1329575,0.06,VIKAS NAGAR,Active
515,KESCO,KESCO,CIRCLE IV,VIKAS NAGAR,DAYANAND VIHAR,INC-1,DAYANAND VIHAR,51334210087P31,11,MIXED ABOVE 25%,DISTRICT HQ,IPDS,LNT,17090478,1,VIKAS NAGAR,Active
516,KESCO,KESCO,CIRCLE IV,VIKAS NAGAR,VIKAS NAGAR,INC-2,VIKAS NAGAR,51334220086P33,11,MIXED ABOVE 25%,DISTRICT HQ,IPDS,SECURE,UPP51409,2,VIKAS NAGAR,Active
517,KESCO,KESCO,CIRCLE III,DAHELI SUJANPUR,HIGHWAY CITY,INC-2,CHHATMARA,51333110074C28,11,OTHER,DISTRICT HQ,IPDS,SECURE,X0271189,1,DAHELI SUJANPUR,Active
518,KESCO,KESCO,CIRCLE III,HARRIS GANJ,RING ROAD,INC-2,JAMNA DEVI VIDHALYA,51333220056G22,11,OTHER,DISTRICT HQ,IPDS,SECURE,XC461164,1,HARRIS GANJ,Active
519,KESCO,KESCO,CIRCLE III,JAJMAU,SANJAY NAGAR,INC-2,MADARPUR,51333310060H39,11,MIXED ABOVE 25%,DISTRICT HQ,IPDS,SECURE,X0271165,1,JAJMAU,Active
520,KESCO,KESCO,CIRCLE III,JAJMAU,CHABILEPURWA,INC-1,150 FT ROAD,51333310059H52,11,MIXED ABOVE 25%,DISTRICT HQ,IPDS,SECURE,HRT95036,2,JAJMAU,Active
521,KESCO,KESCO,CIRCLE II,KIDWAI NAGAR,HORSEMAN BAGH,INC-1,SAFED COLONY,51333420065J15,11,MIXED ABOVE 25%,DISTRICT HQ,IPDS,SECURE,UPP51377,1,KIDWAI NAGAR,Active
522,KESCO,KESCO,CIRCLE II,WORLD BANK BARRA,WORLD BANK BARRA,INC-2,ED BLOCK BARRA,51332510052Q12,11,MIXED ABOVE 25%,DISTRICT HQ,IPDS,SECURE,X0271179,1,WORLD BANK BARRA,Active
523,KESCO,KESCO,CIRCLE II,GOVIND NAGAR,E BLOCK GUJAINI,INC-1,OLD GUJAINI 1,51332310100U44,11,MIXED ABOVE 25%,DISTRICT HQ,IPDS,SECURE,XB455699,1,GOVIND NAGAR,Active
524,KESCO,KESCO,CIRCLE IV,SARVODAYA NAGAR,NAVEEN NAGAR,INC-2,L BLOCK,51334310091O18,11,MIXED ABOVE 25%,DISTRICT HQ,IPDS,SECURE,X0271207,1,SARVODAYA NAGAR,Active
525,KESCO,KESCO,CIRCLE IV,RATANPUR,B BLOCK PANKI,INC-1,PANKI THANA,51332420051N11,11,MIXED ABOVE 25%,DISTRICT HQ,IPDS,SECURE,UPP51387,2,RATANPUR,Active
526,KESCO,KESCO,CIRCLE II,GUMTI,FAZAL GANJ,INCOMING-III (G-4),SARESH BAGH,51332210040F64,11,MIXED ABOVE 50%,DISTRICT HQ,IPDS,SECURE,X0271126,1,GUMTI,Active
527,KESCO,KESCO,CIRCLE II,GUMTI,FAZAL GANJ,INCOMING-IV (G-1),FAZALGANJ SUBSTATION FEEDER,51332210040F49,11,SUBSTATION,DISTRICT HQ,IPDS,SECURE,UPP51393,1,GUMTI,Active
528,KESCO,KESCO,CIRCLE IV,KALYANPUR,KALYANPUR,INC-2,SATYAM VIHAR,51334110079I24,11,MIXED ABOVE 25%,DISTRICT HQ,IPDS,SECURE,XB455697,1,KALYANPUR,Active
529,KESCO,KESCO,CIRCLE I,NAWABGANJ,ZOO,INC-1,ZOO,51331310020L52,11,INDEPENDENT,DISTRICT HQ,IPDS,SECURE,WBE13442,1,NAWABGANJ,Active
530,KESCO,KESCO,CIRCLE I,NAWABGANJ,BENAJHABER,INC-1,ASHOK NAGAR,51331320026L75,11,MIXED ABOVE 25%,DISTRICT HQ,IPDS,SECURE,X1329641,0.04,NAWABGANJ,Active
531,KESCO,KESCO,CIRCLE I,NAWABGANJ,BENAJHABER,INC-2,BENA JHABER JAL SANSTHAN NEW,51331320025L71,11,INDEPENDENT,DISTRICT HQ,IPDS,SECURE,X1330383,0.04,NAWABGANJ,Active
532,KESCO,KESCO,CIRCLE I,NAWABGANJ,B.S.PARK,INC-1,GWALTOLI (NAWAB GANJ-25),51331320024L67,11,MIXED ABOVE 25%,DISTRICT HQ,IPDS,SECURE,XB455629,1,NAWABGANJ,Active
533,KESCO,KESCO,CIRCLE III,DAHELI SUJANPUR,SUJAT GANJ,INC-1,SUJAT GANJ,51333120078C17,11,OTHER,DISTRICT HQ,IPDS,SECURE,UPP51430,1,DAHELI SUJANPUR,Active
534,KESCO,KESCO,CIRCLE III,JAJMAU,CHABILEPURWA,INC-1,TAIL MILL,51333310059H45,11,MIXED ABOVE 25%,DISTRICT HQ,IPDS,SECURE,HRT95309,2,JAJMAU,Active
535,KESCO,KESCO,CIRCLE III,JAJMAU,CHABILEPURWA,INC-3,AASIYANA,51333310059H57,11,OTHER,DISTRICT HQ,IPDS,SECURE,X0038642,0.06,JAJMAU,Active
536,KESCO,KESCO,CIRCLE II,KIDWAI NAGAR,BABUPURWA,INC-1,AJEET GANJ,51333420064J17,11,MIXED ABOVE 25%,DISTRICT HQ,IPDS,SECURE,XB455597,1,KIDWAI NAGAR,Active
537,KESCO,KESCO,CIRCLE II,GOVIND NAGAR,VIDYUT COLONY,INC-3,BARRA YADAV MARKET,51332320047U35,11,MIXED ABOVE 25%,DISTRICT HQ,IPDS,LNT,17090501,1,GOVIND NAGAR,Active
538,KESCO,KESCO,CIRCLE II,DADA NAGAR,POLYMAR,INC-3,EMA INDIA,51332110036B62,11,INDUSTRIAL ABOVE 75%,DISTRICT HQ,IPDS,SECURE,XC461184,1,DADA NAGAR,Active
539,KESCO,KESCO,CIRCLE I,ELECTRICITY HOUSE,GIC,INC-1,BURF KHANA,51331210004D38,11,MIXED ABOVE 25%,DISTRICT HQ,IPDS,SECURE,XB455733,1,ELECTRICITY HOUSE,Active
540,KESCO,KESCO,CIRCLE IV,SARVODAYA NAGAR,NAMAK FACTORY,INC-2,VINAYAKPUR,51334320095O35,11,MIXED ABOVE 25%,DISTRICT HQ,IPDS,SECURE,X0271208,1,SARVODAYA NAGAR,Active
541,KESCO,KESCO,CIRCLE IV,SARVODAYA NAGAR,NAVEEN NAGAR,INC-1,SHIVAJI NAGAR,51334310091O21,11,MIXED ABOVE 25%,DISTRICT HQ,IPDS,SECURE,X0271131,1,SARVODAYA NAGAR,Active
542,KESCO,KESCO,CIRCLE IV,SARVODAYA NAGAR,NAVEEN NAGAR,INC-1,PANDU NAGAR,51334310091O22,11,MIXED ABOVE 25%,DISTRICT HQ,IPDS,SECURE,X0271202,1,SARVODAYA NAGAR,Active
543,KESCO,KESCO,CIRCLE II,GUMTI,KALPI ROAD,INC-1,KALPI ROAD,51332220043F32,11,MIXED ABOVE 25%,DISTRICT HQ,IPDS,SECURE,UMV87639,1,GUMTI,Active
544,KESCO,KESCO,CIRCLE I,PHOOL BAGH,JHADI BABA,INC-1,F-139 BHAGWAT DAS GHAT,51331430014M47,11,MIXED ABOVE 25%,DISTRICT HQ,IPDS,SECURE,WBE13475,1.5,PHOOL BAGH,Active
545,KESCO,KESCO,CIRCLE IV,KALYANPUR,KESHAVPURAM,INC-3,NEELAM MEMORIAL,51334120085I28,11,MIXED ABOVE 25%,DISTRICT HQ,IPDS,SECURE,XC408464,1,KALYANPUR,Active
546,KESCO,KESCO,CIRCLE IV,KALYANPUR,KALYANPUR,INC-2,KALYANPUR,51334110079I11,11,MIXED ABOVE 25%,DISTRICT HQ,IPDS,SECURE,XB455719,2,KALYANPUR,Active
547,KESCO,KESCO,CIRCLE I,NAWABGANJ,ZOO,INC-1,LAL PHATAK,51331310020L51,11,MIXED ABOVE 25%,DISTRICT HQ,IPDS,SECURE,WBE13458,1,NAWABGANJ,Active
548,KESCO,KESCO,CIRCLE I,NAWABGANJ,HALLET MEDICAL COLLEGE,INC-2,RAWATPUR,51331320027L85,11,MIXED ABOVE 25%,DISTRICT HQ,IPDS,SECURE,X0038724,0.04,NAWABGANJ,Active
549,KESCO,KESCO,CIRCLE I,ELECTRICITY HOUSE,RPH OLD GWAL TOLI,INC-2,GWALTOLI,51331230001D19,11,MIXED ABOVE 25%,DISTRICT HQ,IPDS,SECURE,X0038606,0.06,ELECTRICITY HOUSE,Active
